Year,ABW,AFG,AGO,ALB,AND,ARB,ARE,ARG,ARM,ASM,ATG,AUS,AUT,AZE,BDI,BEL,BEN,BFA,BGD,BGR,BHR,BHS,BIH,BLR,BLZ,BMU,BOL,BRA,BRB,BRN,BTN,BWA,CAF,CAN,CEB,CHE,CHI,CHL,CHN,CIV,CMR,COD,COG,COL,COM,CPV,CRI,CSS,CUB,CUW,CYM,CYP,CZE,DEU,DJI,DMA,DNK,DOM,DZA,EAP,EAR,EAS,ECA,ECS,ECU,EGY,EMU,ERI,ESP,EST,ETH,EUU,FCS,FIN,FJI,FRA,FRO,FSM,GAB,GBR,GEO,GHA,GIB,GIN,GMB,GNB,GNQ,GRC,GRD,GRL,GTM,GUM,GUY,HIC,HKG,HND,HPC,HRV,HTI,HUN,IBD,IBT,IDA,IDB,IDN,IDX,IMN,IND,INX,IRL,IRN,IRQ,ISL,ISR,ITA,JAM,JOR,JPN,KAZ,KEN,KGZ,KHM,KIR,KNA,KOR,KWT,LAC,LAO,LBN,LBR,LBY,LCA,LCN,LDC,LIC,LIE,LKA,LMC,LMY,LSO,LTE,LTU,LUX,LVA,MAC,MAF,MAR,MCO,MDA,MDG,MDV,MEA,MEX,MHL,MIC,MKD,MLI,MLT,MMR,MNA,MNE,MNG,MNP,MOZ,MRT,MUS,MWI,MYS,NAC,NAM,NCL,NER,NGA,NIC,NLD,NOR,NPL,NRU,NZL,OED,OMN,OSS,PAK,PAN,PER,PHL,PLW,PNG,POL,PRE,PRI,PRK,PRT,PRY,PSE,PSS,PST,PYF,QAT,ROU,RUS,RWA,SAS,SAU,SDN,SEN,SGP,SLB,SLE,SLV,SMR,SOM,SRB,SSA,SSD,SSF,SST,STP,SUR,SVK,SVN,SWE,SWZ,SXM,SYC,SYR,TCA,TCD,TEA,TEC,TGO,THA,TJK,TKM,TLA,TLS,TMN,TON,TSA,TSS,TTO,TUN,TUR,TUV,TZA,UGA,UKR,UMC,URY,USA,UZB,VCT,VEN,VGB,VIR,VNM,VUT,WLD,WSM,XKX,YEM,ZAF,ZMB,ZWE
1960,0,0,0,0,0,0,,0,0,0,0,0,0,0,0,0,0,0,0,0,0,0,0,0,0,0,0,0,0,0,0,0,0,0,0,0,,0,0,0,0,0,0,0,0,0,0,0,0,,0,0,0,0,0,0,0,0,0,0,0,0,0,0,0,0,0,0,0,0,0,0,0,0,0,0,0,0,0,0,0,0,0,0,0,0,0,0,0,0,0,0,0,0,0,0,0,0,0,0,0,0,0,0,0,0,,0,,0,0,0,0,,0,0,0,0,0,0,0,0,0,0,0,0,0,0,0,0,0,0,0,0,0,,0,0,0,0,0,0,0,0,0,,0,0,0,0,0,0,0,0,0,0,0,0,0,0,,0,0,0,0,0,0,0,0,0,0,0,0,0,0,0,0,0,0,0,0,0,0,0,0,0,,0,0,0,0,0,0,0,,0,0,0,0,0,0,0,0,,0,0,0,0,0,0,,0,,0,,0,0,0,0,0,0,0,0,,0,0,0,0,0,0,0,0,0,0,0,,0,0,0,0,0,0,0,0,0,0,0,0,0,0,0,0,0,0,0,0,0,0,0,,0,0,0,0
1961,,,,,,,,,,,,,,,,,,,,,,,,,,,,,,,,,,,,,,,,,,,,,,,,,,,,,,,,,,,,,,,,,,,,,,,,,,,,,,,,,,,,,,,,,,,,,,,,,,,,,,,,,,,,,,,,,,,,,,,,,,,,,,,,,,,,,,,,,,,,,,,,,,,,,,,,,,,,,,,,,,,,,,,,,,,,,,,,,,,,,,,,,,,,,,,,,,,,,,,,,,,,,,,,,,,,,,,,,,,,,,,,,,,,,,,,,,,,,,,,,,,,,,,,,,,,,,,,,,,,,,,,
1962,,,,,,,,,,,,,,,,,,,,,,,,,,,,,,,,,,,,,,,,,,,,,,,,,,,,,,,,,,,,,,,,,,,,,,,,,,,,,,,,,,,,,,,,,,,,,,,,,,,,,,,,,,,,,,,,,,,,,,,,,,,,,,,,,,,,,,,,,,,,,,,,,,,,,,,,,,,,,,,,,,,,,,,,,,,,,,,,,,,,,,,,,,,,,,,,,,,,,,,,,,,,,,,,,,,,,,,,,,,,,,,,,,,,,,,,,,,,,,,,,,,,,,,,,,,,,,,,,,,,,,,,
1963,,,,,,,,,,,,,,,,,,,,,,,,,,,,,,,,,,,,,,,,,,,,,,,,,,,,,,,,,,,,,,,,,,,,,,,,,,,,,,,,,,,,,,,,,,,,,,,,,,,,,,,,,,,,,,,,,,,,,,,,,,,,,,,,,,,,,,,,,,,,,,,,,,,,,,,,,,,,,,,,,,,,,,,,,,,,,,,,,,,,,,,,,,,,,,,,,,,,,,,,,,,,,,,,,,,,,,,,,,,,,,,,,,,,,,,,,,,,,,,,,,,,,,,,,,,,,,,,,,,,,,,,
1964,,,,,,,,,,,,,,,,,,,,,,,,,,,,,,,,,,,,,,,,,,,,,,,,,,,,,,,,,,,,,,,,,,,,,,,,,,,,,,,,,,,,,,,,,,,,,,,,,,,,,,,,,,,,,,,,,,,,,,,,,,,,,,,,,,,,,,,,,,,,,,,,,,,,,,,,,,,,,,,,,,,,,,,,,,,,,,,,,,,,,,,,,,,,,,,,,,,,,,,,,,,,,,,,,,,,,,,,,,,,,,,,,,,,,,,,,,,,,,,,,,,,,,,,,,,,,,,,,,,,,,,,
1965,0,0,0,0,0,0,,0,0,0,0,0,0,0,0,0,0,0,0,0,0,0,0,0,0,0,0,0,0,0,0,0,0,0,0,0,,0,0,0,0,0,0,0,0,0,0,0,0,,0,0,0,0,0,0,0,0,0,0,0,0,0,0,0,0,0,0,0,0,0,0,0,0,0,0,0,0,0,0,0,0,0,0,0,0,0,0,0,0,0,0,0,0,0,0,0,0,0,0,0,0,0,0,0,0,,0,,0,0,0,0,,0,0,0,0,0,0,0,0,0,0,0,0,0,0,0,0,0,0,0,0,0,,0,0,0,0,0,0,0,0,0,,0,0,0,0,0,0,0,0,0,0,0,0,0,0,,0,0,0,0,0,0,0,0,0,0,0,0,0,0,0,0,0,0,0,0,0,0,0,0,0,,0,0,0,0,0,0,0,,0,0,0,0,0,0,0,0,,0,0,0,0,0,0,,0,,0,,0,0,0,0,0,0,0,0,,0,0,0,0,0,0,0,0,0,0,0,,0,0,0,0,0,0,0,0,0,0,0,0,0,0,0,0,0,0,0,0,0,0,0,,0,0,0,0
1966,,,,,,,,,,,,,,,,,,,,,,,,,,,,,,,,,,,,,,,,,,,,,,,,,,,,,,,,,,,,,,,,,,,,,,,,,,,,,,,,,,,,,,,,,,,,,,,,,,,,,,,,,,,,,,,,,,,,,,,,,,,,,,,,,,,,,,,,,,,,,,,,,,,,,,,,,,,,,,,,,,,,,,,,,,,,,,,,,,,,,,,,,,,,,,,,,,,,,,,,,,,,,,,,,,,,,,,,,,,,,,,,,,,,,,,,,,,,,,,,,,,,,,,,,,,,,,,,,,,,,,,,
1967,,,,,,,,,,,,,,,,,,,,,,,,,,,,,,,,,,,,,,,,,,,,,,,,,,,,,,,,,,,,,,,,,,,,,,,,,,,,,,,,,,,,,,,,,,,,,,,,,,,,,,,,,,,,,,,,,,,,,,,,,,,,,,,,,,,,,,,,,,,,,,,,,,,,,,,,,,,,,,,,,,,,,,,,,,,,,,,,,,,,,,,,,,,,,,,,,,,,,,,,,,,,,,,,,,,,,,,,,,,,,,,,,,,,,,,,,,,,,,,,,,,,,,,,,,,,,,,,,,,,,,,,
1968,,,,,,,,,,,,,,,,,,,,,,,,,,,,,,,,,,,,,,,,,,,,,,,,,,,,,,,,,,,,,,,,,,,,,,,,,,,,,,,,,,,,,,,,,,,,,,,,,,,,,,,,,,,,,,,,,,,,,,,,,,,,,,,,,,,,,,,,,,,,,,,,,,,,,,,,,,,,,,,,,,,,,,,,,,,,,,,,,,,,,,,,,,,,,,,,,,,,,,,,,,,,,,,,,,,,,,,,,,,,,,,,,,,,,,,,,,,,,,,,,,,,,,,,,,,,,,,,,,,,,,,,
1969,,,,,,,,,,,,,,,,,,,,,,,,,,,,,,,,,,,,,,,,,,,,,,,,,,,,,,,,,,,,,,,,,,,,,,,,,,,,,,,,,,,,,,,,,,,,,,,,,,,,,,,,,,,,,,,,,,,,,,,,,,,,,,,,,,,,,,,,,,,,,,,,,,,,,,,,,,,,,,,,,,,,,,,,,,,,,,,,,,,,,,,,,,,,,,,,,,,,,,,,,,,,,,,,,,,,,,,,,,,,,,,,,,,,,,,,,,,,,,,,,,,,,,,,,,,,,,,,,,,,,,,,
1970,0,0,0,0,0,0,,0,0,0,0,0,0,0,0,0,0,0,0,0,0,0,0,0,0,0,0,0,0,0,0,0,0,0,0,0,,0,0,0,0,0,0,0,0,0,0,0,0,,0,0,0,0,0,0,0,0,0,0,0,0,0,0,0,0,0,0,0,0,0,0,0,0,0,0,0,0,0,0,0,0,0,0,0,0,0,0,0,0,0,0,0,0,0,0,0,0,0,0,0,0,0,0,0,0,,0,,0,0,0,0,,0,0,0,0,0,0,0,0,0,0,0,0,0,0,0,0,0,0,0,0,0,,0,0,0,0,0,0,0,0,0,,0,0,0,0,0,0,0,0,0,0,0,0,0,0,,0,0,0,0,0,0,0,0,0,0,0,0,0,0,0,0,0,0,0,0,0,0,0,0,0,,0,0,0,0,0,0,0,,0,0,0,0,0,0,0,0,,0,0,0,0,0,0,,0,,0,,0,0,0,0,0,0,0,0,,0,0,0,0,0,0,0,0,0,0,0,,0,0,0,0,0,0,0,0,0,0,0,0,0,0,0,0,0,0,0,0,0,0,0,,0,0,0,0
1971,,,,,,,,,,,,,,,,,,,,,,,,,,,,,,,,,,,,,,,,,,,,,,,,,,,,,,,,,,,,,,,,,,,,,,,,,,,,,,,,,,,,,,,,,,,,,,,,,,,,,,,,,,,,,,,,,,,,,,,,,,,,,,,,,,,,,,,,,,,,,,,,,,,,,,,,,,,,,,,,,,,,,,,,,,,,,,,,,,,,,,,,,,,,,,,,,,,,,,,,,,,,,,,,,,,,,,,,,,,,,,,,,,,,,,,,,,,,,,,,,,,,,,,,,,,,,,,,,,,,,,,,
1972,,,,,,,,,,,,,,,,,,,,,,,,,,,,,,,,,,,,,,,,,,,,,,,,,,,,,,,,,,,,,,,,,,,,,,,,,,,,,,,,,,,,,,,,,,,,,,,,,,,,,,,,,,,,,,,,,,,,,,,,,,,,,,,,,,,,,,,,,,,,,,,,,,,,,,,,,,,,,,,,,,,,,,,,,,,,,,,,,,,,,,,,,,,,,,,,,,,,,,,,,,,,,,,,,,,,,,,,,,,,,,,,,,,,,,,,,,,,,,,,,,,,,,,,,,,,,,,,,,,,,,,,
1973,,,,,,,,,,,,,,,,,,,,,,,,,,,,,,,,,,,,,,,,,,,,,,,,,,,,,,,,,,,,,,,,,,,,,,,,,,,,,,,,,,,,,,,,,,,,,,,,,,,,,,,,,,,,,,,,,,,,,,,,,,,,,,,,,,,,,,,,,,,,,,,,,,,,,,,,,,,,,,,,,,,,,,,,,,,,,,,,,,,,,,,,,,,,,,,,,,,,,,,,,,,,,,,,,,,,,,,,,,,,,,,,,,,,,,,,,,,,,,,,,,,,,,,,,,,,,,,,,,,,,,,,
1974,,,,,,,,,,,,,,,,,,,,,,,,,,,,,,,,,,,,,,,,,,,,,,,,,,,,,,,,,,,,,,,,,,,,,,,,,,,,,,,,,,,,,,,,,,,,,,,,,,,,,,,,,,,,,,,,,,,,,,,,,,,,,,,,,,,,,,,,,,,,,,,,,,,,,,,,,,,,,,,,,,,,,,,,,,,,,,,,,,,,,,,,,,,,,,,,,,,,,,,,,,,,,,,,,,,,,,,,,,,,,,,,,,,,,,,,,,,,,,,,,,,,,,,,,,,,,,,,,,,,,,,,
1975,0,0,0,0,0,0,,0,0,0,0,0,0,0,0,0,0,0,0,0,0,0,0,0,0,0,0,0,0,0,0,0,0,0,0,0,,0,0,0,0,0,0,0,0,0,0,0,0,,0,0,0,0,0,0,0,0,0,0,0,0,0,0,0,0,0,0,0,0,0,0,0,0,0,0,0,0,0,0,0,0,0,0,0,0,0,0,0,0,0,0,0,0,0,0,0,0,0,0,0,0,0,0,0,0,,0,,0,0,0,0,,0,0,0,0,0,0,0,0,0,0,0,0,0,0,0,0,0,0,0,0,0,,0,0,0,0,0,0,0,0,0,,0,0,0,0,0,0,0,0,0,0,0,0,0,0,,0,0,0,0,0,0,0,0,0,0,0,0,0,0,0,0,0,0,0,0,0,0,0,0,0,,0,0,0,0,0,0,0,,0,0,0,0,0,0,0,0,,0,0,0,0,0,0,,0,,0,,0,0,0,0,0,0,0,0,,0,0,0,0,0,0,0,0,0,0,0,,0,0,0,0,0,0,0,0,0,0,0,0,0,0,0,0,0,0,0,0,0,0,0,,0,0,0,0
1976,0,0,0,0,0,0,,0,0,0,0,0,0,0,0,0,0,0,0,0,0,0,0,0,0,0,0,0,0,0,0,0,0,0,0,0,,0,0,0,0,0,0,0,0,0,0,0,0,,0,0,0,0,0,0,0,0,0,0,0,0,0,0,0,0,0,0,0,0,0,0,0,0,0,0,0,0,0,0,0,0,0,0,0,0,0,0,0,0,0,0,0,0,0,0,0,0,0,0,0,0,0,0,0,0,,0,,0,0,0,0,,0,0,0,0,0,0,0,0,0,0,0,0,0,0,0,0,0,0,0,0,0,,0,0,0,0,0,0,0,0,0,,0,0,0,0,0,0,0,0,0,0,0,0,0,0,,0,0,0,0,0,0,0,0,0,0,0,0,0,0,0,0,0,0,0,0,0,0,0,0,0,,0,0,0,0,0,0,0,,0,0,0,0,0,0,0,0,,0,0,0,0,0,0,,0,,0,,0,0,0,0,0,0,0,0,,0,0,0,0,0,0,0,0,0,0,0,,0,0,0,0,0,0,0,0,0,0,0,0,0,0,0,0,0,0,0,0,0,0,0,,0,0,0,0
1977,0,0,0,0,0,0,,0,0,0,0,0,0,0,0,0,0,0,0,0,0,0,0,0,0,0,0,0,0,0,0,0,0,0,0,0,,0,0,0,0,0,0,0,0,0,0,0,0,,0,0,0,0,0,0,0,0,0,0,0,0,0,0,0,0,0,0,0,0,0,0,0,0,0,0,0,0,0,0,0,0,0,0,0,0,0,0,0,0,0,0,0,0,0,0,0,0,0,0,0,0,0,0,0,0,,0,,0,0,0,0,,0,0,0,0,0,0,0,0,0,0,0,0,0,0,0,0,0,0,0,0,0,,0,0,0,0,0,0,0,0,0,,0,0,0,0,0,0,0,0,0,0,0,0,0,0,,0,0,0,0,0,0,0,0,0,0,0,0,0,0,0,0,0,0,0,0,0,0,0,0,0,,0,0,0,0,0,0,0,,0,0,0,0,0,0,0,0,,0,0,0,0,0,0,,0,,0,,0,0,0,0,0,0,0,0,,0,0,0,0,0,0,0,0,0,0,0,,0,0,0,0,0,0,0,0,0,0,0,0,0,0,0,0,0,0,0,0,0,0,0,,0,0,0,0
1978,0,0,0,0,0,0,,0,0,0,0,0,0,0,0,0,0,0,0,0,0,0,0,0,0,0,0,0,0,0,0,0,0,0,0,0,,0,0,0,0,0,0,0,0,0,0,0,0,,0,0,0,0,0,0,0,0,0,0,0,0,0,0,0,0,0,0,0,0,0,0,0,0,0,0,0,0,0,0,0,0,0,0,0,0,0,0,0,0,0,0,0,0,0,0,0,0,0,0,0,0,0,0,0,0,,0,,0,0,0,0,,0,0,0,0,0,0,0,0,0,0,0,0,0,0,0,0,0,0,0,0,0,,0,0,0,0,0,0,0,0,0,,0,0,0,0,0,0,0,0,0,0,0,0,0,0,,0,0,0,0,0,0,0,0,0,0,0,0,0,0,0,0,0,0,0,0,0,0,0,0,0,,0,0,0,0,0,0,0,,0,0,0,0,0,0,0,0,,0,0,0,0,0,0,,0,,0,,0,0,0,0,0,0,0,0,,0,0,0,0,0,0,0,0,0,0,0,,0,0,0,0,0,0,0,0,0,0,0,0,0,0,0,0,0,0,0,0,0,0,0,,0,0,0,0
1979,0,0,0,0,0,0,,0,0,0,0,0,0,0,0,0,0,0,0,0,0,0,0,0,0,0,0,0,0,0,0,0,0,0,0,0,,0,0,0,0,0,0,0,0,0,0,0,0,,0,0,0,0,0,0,0,0,0,0,0,0,0,0,0,0,0,0,0,0,0,0,0,0,0,0,0,0,0,0,0,0,0,0,0,0,0,0,0,0,0,0,0,0,0,0,0,0,0,0,0,0,0,0,0,0,,0,,0,0,0,0,,0,0,0,0,0,0,0,0,0,0,0,0,0,0,0,0,0,0,0,0,0,,0,0,0,0,0,0,0,0,0,,0,0,0,0,0,0,0,0,0,0,0,0,0,0,,0,0,0,0,0,0,0,0,0,0,0,0,0,0,0,0,0,0,0,0,0,0,0,0,0,,0,0,0,0,0,0,0,,0,0,0,0,0,0,0,0,,0,0,0,0,0,0,,0,,0,,0,0,0,0,0,0,0,0,,0,0,0,0,0,0,0,0,0,0,0,,0,0,0,0,0,0,0,0,0,0,0,0,0,0,0,0,0,0,0,0,0,0,0,,0,0,0,0
1980,0,0,0,0,0,0,,0,0,0,0,0,0,0,0,0,0,0,0,0,0,0,0,0,0,0,0,0,0,0,0,0,0,0,0,0,,0,0,0,0,0,0,0,0,0,0,0,0,,0,0,0,0,0,0,0,0,0,0,0,0,0,0.002994953,0,0,0.007791759,0,0,0,0,0.00506639,0,0.491311351,0,0,0,0,0,0,0,0,0,0,0,0,0,0,0,0,0,0,0,0.002571865,0,0,0,0,0,0,0,0,0,0,0,0,,0,,0,0,0,0,,0,0,0,0,0,0,0,0,0,0,0,0,0,0,0,0,0,0,0,0,0,,0,0,0,0,0,0,0,0,0,,0,0,0,0,0,0,0,0,0,0,0,0,0,0,,0,0,0,0,0,0,0,0,0,0,0,0,0,0,0,0,0,0,0.002382699,0,0,0,0,0,0,,0,0,0,0,0,0,0,,0,0.002579205,0,0,0,0,0,0,,0,0,0,0,0,0,,0,,0,,0,0,0,0,0,0,0,0,,0,0,0,0,0,0,0,0,0,0,0,,0,0,0,0,0,0,0,0,0,0,0,0,0,0,0,0,0,0,0,0,0,0.000531079,0,,0,0,0,0
1981,0,0,0,0,0,0,,0,0,0,0,0,0,0,0,0,0,0,0,0,0,0,0,0,0,0,0,0,0,0,0,0,0,0,0,0,,0,0,0,0,0,0,0,0,0,0,0,0,,0,0,0,0,0,0,0,0,0,0,0,0.000838396,0,0.00637587,0,0,0.00935323,0,0,0,0,0.010459818,0,0.589014682,0,0,0,0,0,0,0,0,0,0,0,0,0,0,0,0,0,0,0,0.009253775,0,0,0,0,0,0,0,0,0,0,0,0,,0,,0,0,0,0,,0,0,0,0.011363484,0,0,0,0,0,0,0,0,0,0,0,0,0,0,0,0,0,,0,0,0,0,0,0,0,0,0,,0,0,0,0,0,0,0,0,0,0,0,0,0,0,,0,0,0,0,0,0,0,,0,0,0,0,0,0,0.040779678,0,0,0,0.008350874,0,0,0,0,0,0,,0,0,0,0,0,0,0,,0,0.009299842,0,0,0,0,0,0,,0,0,0,0,0,0,,0,,0,,0,0,0,0,0,0,0.244741166,0,,0,0,0,0,0,0,0,0,0,0,0,,0,0,0,0,0,0,0,0,0,0,0,0,0,,0,0,0,0,0,0,0,0.001490027,0,,0,0,0,0
1982,0,0,0,0,0,0.001365523,0.201598076,0,0,0,0,0,0,0,0,0,0,0,0,0,0,0,0,0,0,0,0,0,0,0,0,0,0,0,0,0,,0,0,0,0,0,0,0,0,0,0,0,0,,0,0,0,0,0,0,0.140547863,0,0,0,0,0.001230872,0,0.009996415,0,0,0.011172869,0,0,0,0,0.014646597,0,0.70201103,0,0,0,0,0,0,0,0,0,0,0,0,0,0,0,0,0,0,0,0.01466487,0,0,0,0,0,0,0,0,0,0,0,0,,0,,0,0,0,0,,0,0,0,0.016824553,0,0,0,0,0,0,0,0,0,0,0,0,0,0,0,0,0,,0,0,0,0,0.000141989,0,0,0,0,,0,0,0,0,0,0.001270582,0,0,0,0,0,0,0,0,,0,0,0,0,0,0,0,,0,0,0,0,0,0,0.269229037,0,0,0,0.012924008,0,0,0,0,0,0,,0,0,0,0,0,0,0,,0,0.014434453,0,,0,0,0,0,,0,0,0,0,0,0,,0,,0,,0,0,0,0,0,0,0.327219454,0,,0,0,0,0,0,0,0,0,0,0,0,,0,0,0,0,0,0,0,0,0,0,0,0,0,,0,0,0,0,0,0,0,0.002335851,0,,0,0,0,0
1983,0,0,0,0,0,0.002032515,0.29324162,0,0,0,0,0,0,0,0,0,0,0,0,0,0,0,0,0,0,0,0,0,0,0,0,0,0,0,0,0,,0,0,0,0,0,0,0,0,0,0,0,0,,0,0,0,0,0,0,0.314516643,0,0,0,0,0.001663013,0,0.015521864,0,0,0.015878995,0,,0,0,0.022025579,0,0.870065829,0,0,0,0,0,0,0,0,0,0,0,0,0,0,0,0,0,0,0,0.022616912,0,0,0,0,0,0,0,0,0,0,0,0,,0,,0,0,0,0,,0,0,0,0.022941813,0,0,0,0,0,0,0,0,0,0,0,0,0,0,0,0,0,,0,0,0,0,0.000213874,0,0,0,0,,0,0,0,0,0,0.001884193,0,0,0,0,0,0,0,0,,0,0,0,0,0,0,0,,0,0,0,0,0,0,0.569679637,0,0,0,0.019763836,0,0,0,0,0,0,,0,0,0,0,0,0,0,,0,0.022275444,0,,0,0,0,0,,0,0,0,0,0,0,,0,,0,,0,0,0,0,0,0,0.435901341,0,,0,0,0,0,0,0,0,0,0,0,0,,0,0,0,0,0,0,0,0,0,0,0,0,0,,0,0,0,0,0,0,0,0.003393245,0,,0,0,0,0
1984,0,0,0,0,0,0.002740589,0.386440147,0,0,0,0,0,0,0,0,0,0,0,0,0,0,0,0,0,0,0,0,0,0,0,0,0,0,0,0,0,,0,0,0,0,0,0,0,0,0,0,0,0,,0,0,0,0,0,0,0.598204448,0,0,0.000120086,0.000100163,0.002661953,0,0.023902654,0,0,0.020619401,0,,0,0,0.03374996,0,1.065948629,0,0,0,0,0,0,0,0,0,0,0,0,0,0,0,0,0,0,0,0.03759311,0.018689957,0,0,0,0,0,5.62E-05,4.57E-05,0,0,0.001099953,0,,0,,0,0,0,0,,0,0,0,0.033852133,0,0,0,0,0,0,,0,0,0,0,0,0,0,0,0,0,,0,0.00010382,4.60E-05,0,0.000291528,0,0,0,0,,0,0,0,0,0,0.002530455,0,0,4.95E-05,0,0,0,0,0,,0,0,0,0,0,0,0,0.034558854,0,0,0,0,0,,0.944643869,0,0,0,0.033647199,0,0,0,0,0,0,,0,0,0,0,0,0,0,,0,0.037303639,0,,0,0,0,0,,0,0,,0,0,0,,0,,0,,0,0,0,0,0,0,0.694920412,0,,0,0,0,0,0.000121632,0,0,0,0,0,0,,0,0,0,0,0,0,0,0,0,0,0,0,0,0.038253436,0,0,0,0,0,0,0,0.006864699,0,,0,0,0,0
1985,0,0,0,0,0,0.00448781,0.588175039,0,0,0,0,0,0.128856131,0,0,0,0,0,0,0,0,0,0,0,0,0,0,0,0,0,0,0,0,0.046433382,0,0,,0,0,0,0,0,0,0,0,0,0,0,0,,0,0,0,0.001368883,0,0,0.901551372,0,0,0.000138144,0.000113353,0.004176999,0,0.041814879,0,0,0.033677347,0,,0,0,0.059992603,0,1.37976292,0,0,0,0,0,0.088469175,0,0,0,0,0,0,0,0,0,0,0,0,0,0.086586563,0.081258922,0,0,0,0,0,6.44E-05,5.22E-05,0,0,0.001248931,0,,0,,0.008488811,0,0,0,,0.011299642,0,0,0.051504866,0,0,0,0,0,0,,0,0,0,0,0,0,0,0,0,0,,0,0.000118075,5.25E-05,0,0.000487263,0,0.01090251,0,0,,0,0,0,0,0,0.004114081,0,0,5.66E-05,0,0,0,0,0,,0,0,0,0,0,0,,0.131535012,0,0,0,0,0,0.03321386,1.520482215,0,0,0,0.077674696,0.003470331,0,0,0,0,0,,0,0,0,0,0,0,0,,0,0.086366822,0,,0,0,0,0,,0,0,,0,0,0,,0,,0,,0,0,0,0,0,0,0.874166279,0,,0,0,0,0,0.000139936,0,0,0,0,0,0,,0,0,0,0,0,,0,0,0,0,0,0,0,0.140659444,0,0,0,0,0,0,0,0.015877887,0,,0,0,0,0
1986,0,0,0,0,0,0.011380109,0.784279372,0,0,0,0,0,0.25189156,0,0,0.038348549,0,0,0,0,0.142563513,0,0,0,0,0,0,0,0,0,0,0,0,0.229211886,0,0,,0,0,0,0,0,0,0,0,0,0,0,0,,0,0,0,0.0301052,0,0,1.126449445,0,0,0.00106833,0.000300762,0.007462797,9.91E-05,0.06867872,0,0,0.055066589,0,0.004406246,0,0,0.099429711,0,1.733284322,0,0.016252546,0,0,0,0.229588144,0,0,0,0,0,0,0,0,0,0,0,0,0,0.151472811,0.182245465,0,0,0,0,0,0.00051213,0.000414807,0,0,0.002733271,0,,0,,0.042391059,0,0,1.082143808,,0.015920152,0,0,0.078913191,0,0,0,0,0,0,0.017267895,0.450163596,0,0,0,0,0,0,0,0,0,,0,0.000257647,0.000417421,0,0.002063462,0,0.079204698,0,0,,0,0,0,0,0,0.010390566,0,0,0.000449513,0,0,0,0,0,,0,0,0,0,0,0,0.066682008,0.274177565,0,0,0,0,0,0.10529638,2.090718766,0,0,0,0.135578347,0.047818895,0.02344287,0,0,0,0,,0,0,0,,0,0,0,,0,0.149568436,0,,0,0,0,0,,0,0,,0,0,0,,0,,0,,0,0.015301358,0,0,0,0,1.344018158,0,,0,0,0,0,0.001081984,9.00E-05,0,0.001548962,0,0,0,,0,0,0,0,0,,0.000727281,0,0,0,0,0.000625287,0,0.279060364,0,0,0,,0,0,0,0.029549821,0,,0,0,0,0
1987,0,0,0,0,0,0.017361085,0.905137187,0,0,,0,0.027108122,0.345358749,0,0,0.072839954,0,0,0,0,0.381286664,0,0,0,0,,0,0,0,0,0,0,0,0.370663166,0,0.083828906,,0,0.0000635,0,0,0,0,0,0,0,0,0,0,,,0,0,0.061472735,0,0,1.513422359,,0,0.001963577,0.000842681,0.012909727,0.001370815,0.11620471,0,0.004977561,0.08974631,0,0.010861727,0,0,0.17255633,0,2.144104654,0,0.070046716,0,0,0,0.510974391,0,0,0,0,0,0,0,0,0,0,0,0,0,0.262217117,0.504218653,0,0,0,0,0,0.001163965,0.000941395,0,0,0.003739372,0,,0,,0.098241297,0,0,2.0286227,,0.029097369,0,0,0.124583309,0,0,0,0,0,0,0.024659515,0.744799425,0,0,0,0,0,0,0.000949021,0,0,,0,0.000510972,0.000947226,0,0.003693306,0,0.101055831,0,0,,0.000257953,0,0,0,0,0.015845469,0,0,0.001020392,0,0,0,0,0.001403588,,0,0,0,0,0,0,0.104235639,0.486234669,0,0,0,0,0,0.165603633,2.870596552,0,0,0.072487362,0.234786323,0.071449576,0.047055301,0,0,0,0,,0,0,0,0.114236685,0,0,0,,0,0.259995807,0,,0,0,0,0,,0,0,,0,0,0,,0,,0,,0,0.030915698,0,0,0,0,2.056180558,0,,0,0,0,0,0.00198848,0.00124464,0,0.010893994,0,0,0,,0.001403588,0,0,0,0,0.002960144,0.009969069,0,0,0,0,0.001492556,0,0.498659917,0,0,0,,0,0,0,0.050882594,0,,0,0,0,0
1988,0,0,0,0,0,0.019766805,0.859014274,0,0,,0,0.19063123,0.48515954,0,0,0.192853855,0,0,0,0,0.620306327,0,0,0,0,,0,0,0,0,0,0,0,0.752880479,0,0.468206385,,0,0.000286863,0,0,0,0,0,0,0,0,0,0,,,0.022811303,0,0.124039681,0,0,1.981426966,,0,0.003625965,0.001465944,0.023722011,0.002619921,0.191699667,0,0.005593283,0.154431847,0,0.030015737,0,0,0.290983873,0,2.790048075,0,0.174653362,0,0,0,0.984128589,0,0,0,0,0,0,0,0,0,0,0,0,0,0.440738256,0.908356275,0,0,0,0,0,0.002197777,0.001774772,0,0,0.00522915,0,,0,,0.178311341,0,0,2.612166066,,0.059145464,0,0,0.200018213,0,0,0,0,0,0,0.048365199,0.87176792,0.000826076,0,0,0,0,0,0.002852041,0,0,,0,0.000678399,0.001785547,0,0.005691344,0,0.144873303,0,0,,0.000442292,0,0,0,0,0.017983137,0.001815204,0,0.001924278,0,0,0,0,0.001654118,,0,0,0,0,0,0,0.158713808,0.822364115,0,0,0,0,0,0.224479366,3.623800751,0,0,0.300048188,0.395542904,0.101780414,0.065011753,0,0,0,0,,0,0,0,0.251646404,0,0,0,,0,0.438880272,0,,0,0,0,0,,0,0,0.375912439,0,0,0,,0,,0,,0,0.043000642,0,0,0,0,2.873322654,0,,0,0,0,0,0.003671689,0.002379979,0,0.031957866,0,0,0.000812373,,0.001654118,0,0,0,0,0.005168674,0.018888992,0,0,0,0,0.003083376,0,0.829863407,0,0,0.009591806,,0,0,0,0.084912616,0,,0,0,0,0
1989,0,0,0,0,0,0.028727652,1.461321492,0.007149428,0,,,0.560966912,0.664667026,0,0,0.309387231,0,0,0,0,0.883522952,0,0,0,0,1.253828806,0,0,0,,0,0,0,1.264765577,0,1.099003546,,0.037639534,0.000855603,0,0,0,0,0,0,0,0,0,0,,,0.179482775,0,0.204468776,0,0,2.413347807,,0,0.006360997,0.002802402,0.049972327,0.004116931,0.3009821,0,0.006555298,0.253063896,0,0.076743679,0,0,0.468721343,0,3.82527312,0,0.315304135,,0,0,1.708755296,0,0,0,0,0,0,0,0,0,0,0,0,0,0.742460346,1.55856424,0,0,0,0,0,0.004269878,0.00344221,0,0,0.007368035,0,,0,,0.38465744,0,0,3.129423239,,0.116270531,0,0,0.401833216,0,0,0,0,0,0,0.093357413,1.092645669,0.003556974,0,0,0,0,0,0.007223978,0,0,,0,0.000946815,0.003346759,0,0.009702659,0,0.176060533,0,0.389132974,,0.002891162,0,0,0,0,0.02607829,0.010079818,0,0.00360872,0,0,0,0,0.002263367,,0,0,0,0,0,0,0.222617369,1.380274112,0,0,0,0,0,0.37855502,3.973213143,0,0,0.859906886,0.661917628,0.120370636,0.089015653,0,0,0,0,,0,0,0,0.33269872,0,0.02811394,0,,0,0.736113544,0,,0,0,0,0,,0,0,0.893282698,0,0,0,,0,,0.000803141,,0.000803029,0.059072721,0,0,0,0,4.102872293,0,,0,0,0,0,0.006440842,0.003741574,0,0.07152718,0,0,0.004678434,,0.002263367,0,0,0.000803029,0,0.008001798,0.029408771,0,0,0,0,0.006095692,0,1.39281703,0,0,0.019136833,,0,0,0,0.141732689,0,,0,0.011066456,0,0
1990,0,0,0,0,0,0.038825634,1.858734413,0.036781751,0,0,0,1.081736077,0.96086037,0,0,0.429735061,0,0,0,0,1.037818786,0.749791291,0,0,0,1.859593966,0,0.000445712,0,0.689684699,0,0,0,2.110674786,0.002597791,1.873666451,,0.105350944,0.001571868,0,0,0,0,0,0,0,0,0.034895138,0,,0,0.411682066,0,0.338698748,0,0,2.88347134,0.043698337,0.001791178,0.011397838,0.009222367,0.088997187,0.008396295,0.41460206,0,0.007100178,0.43921127,0,0.140678283,0,0,0.647364268,0,5.171190195,0,0.498190672,0,0,0,1.947059624,0,0,0,0,0,0,0,0,0.155785888,0,0.003295716,0,0,1.088979193,2.311204939,0,0,0.005006758,0,0.025469277,0.009694146,0.007851681,0.000254266,0.000746923,0.010130254,0,,0,,0.707977634,0,0,3.928108935,0.338729821,0.468047382,0,0.042847108,0.710088407,0,0,0,0,0,0,0.186178272,1.006663838,0.021143338,0,0,0,0,0,0.028254157,0,0,0,0.00583007,0.001484853,0.007570444,0,0.016548027,0,0.215825454,0,0.620456725,,0.003663631,0,0,0,0,0.040852033,0.074266061,0,0.008166982,0,0,0,0,0.003428692,,0,0,0,0,0.20835997,0,0.475644054,2.07917403,0,0,0,0,0,0.530545271,4.641759278,0,0,1.592120973,0.988105609,0.150820147,0.152165654,0.001800328,0,0.007578529,0,,0,0,0,0.57899638,0,0.065660213,0,0,0,1.098241848,0,0.799761603,0,0,0,0.000265132,0.091638458,0,0,1.71488965,0,0,0,0,0,,0.001546684,,0.001546473,0.112937948,0,0,0,0,5.3884126,0,,0,0,0,0,0.011540788,0.007633368,0,0.111735514,0,0,0.024039091,0,0.003460491,0,0.000265132,0.001546473,0,0.011714378,0.058911441,0,0,0,0,0.014429286,0,2.075802366,0,0,0.037597287,0,0,0,0,0.211148974,0,,0,0.015437514,0,0
1991,0,0,0,0,0,0.056061866,2.254085688,0.075585347,0,0,,1.682627998,1.493599184,0,0,0.513631256,0,0,0,0,1.442965201,0.773644017,0,0,0,2.393935364,0.004240494,0.004403447,0.186797348,1.144394171,0,0,0,2.769888481,0.011661181,2.58986839,,0.268539847,0.004018906,0,0,0,0,0,0,0,0,0.098208486,0,,2.132692381,0.655184655,0.012023234,0.656885288,0,0,3.413512849,0.075821226,0.017777422,0.021702255,0.019028089,0.146244753,0.013071236,0.56439764,0,0.007841417,0.717345166,0,0.278272537,0.036792424,0,0.888126745,0,6.370787129,0,0.656765549,3.008674415,0,0,2.196366801,0,0,0,0,0,0,0,0,0.152402675,0,0.013419628,0.649180475,0,1.550983097,3.238869715,0,7.95E-05,0.042070686,0,0.081743662,0.019647277,0.015978623,0.000996442,0.002935302,0.013492764,0,,0,,0.90457037,0,0,5.007634418,0.495518787,0.999024175,0.102780276,0.041317981,1.123129273,0,0,0,0,0,,0.383052472,2.15037524,0.052248722,0,0,0,0,,0.065868373,0,0,,0.010266433,0.004042005,0.015235865,0,0.028253223,0,0.294804301,0,1.31182947,,0.005969421,0,0,0,0,0.060096401,0.183067275,0,0.016450837,0,0,0.600709786,0,0.005869993,,0,,0,0,0.233992787,0,0.694816981,2.922853997,0,0,0,0,0,0.767014891,5.499831432,0,0,2.098081692,1.403309237,0.194797341,0.22567267,0.007441181,0,0.025660234,0.054508405,,0,0,0,0.940707549,0,0.127016808,0,,0,1.556048505,0,0.836272414,0,0.000201914,0,0.000887943,0.091583609,0,0,2.642048066,0,0,0,,0,,0.001832935,,0.001832689,0.178861271,0,0,0.002246115,0.026082746,6.594298056,0,,0,0,0,0,0.021974428,0.011886013,0,0.216057464,0,0,0.059761981,,0.005869993,0,0.000887943,0.001832689,0.034636793,0.014893085,0.087100576,0,0,0,0,0.028136523,0,2.939643902,0,,0.082101753,,,0,0,0.301782495,0,,0,0.018836078,0,0
1992,0.029310471,0,0,0,1.307211734,0.063570087,2.430181766,0.138988317,0,1.411375688,,2.835372025,2.211730703,0,0,0.611545879,0,0,0.000222359,0,1.852315921,0.977087303,0,0,0,3.200793585,0.021773635,0.020698847,0.305024084,1.508816445,0,0,0,3.621301434,0.040827293,3.15607763,,0.470127826,0.014759086,0,0,,0,0,0,0,0.093024176,0.23187363,0.002175148,,3.605576235,1.216371494,0.044996981,1.190674527,0,0,4.081427044,0.095352766,0.017363261,0.042832306,0.034290534,0.213171109,0.019148966,0.744279956,0,0.008416892,1.040500327,0,0.461351559,0.164001155,0,1.180231257,0.000734126,7.666908049,0,0.761609496,3.688278231,0,0.028032995,2.619945977,0,0.002585366,0,0,0.020823423,0,0,0,0.186212076,0.306155334,0.02298958,0.951746942,0.116319598,2.158784647,3.947248663,0,0.000869524,0.132006749,0,0.22472515,0.039263811,0.0321466,0.00215322,0.004911345,0.019222694,0.000640977,,0,,1.239692939,0,0,5.868139056,0.75107401,1.376232801,0.318010492,0.039058232,1.390274425,0,0.004393508,0,0,0,,0.62196189,2.699075329,0.117764267,0.006447558,0,0,0,,0.140697681,0.000458792,6.89E-05,,0.014909799,0.006327172,0.030760006,0,0.052389652,0.007237018,0.286150081,0.039328979,2.782696619,,0.012581316,0,0,0,0,0.072052631,0.348322481,0,0.032957408,0,0,0.911762254,0,0.007552199,,0,,0,0,0.268913275,0,1.044372977,4.18705001,0,0,0,0,0,1.099260436,6.601743926,0,0,2.860303301,1.95171425,0.240182826,0.308262928,0.011509801,0,0.095145118,0.086226172,,0,0.005724678,0.00032462,1.672777882,0,0.374292451,0.033550037,0,0,2.157308969,0,0.864572738,0,0.004032303,0,0.001383665,0.091684168,0,0,3.758166967,0,0,0,3.634014375,0,,0.003476783,,0.003476287,0.267699661,0,0,0.02890518,0.174706668,7.559531019,0,,0,0,0,0,0.043328036,0.017932981,0,0.434581425,0,0,0.130914028,,0.007625096,0,0.001383665,0.003476287,0.103193087,0.023225483,0.109996968,0,0,0,0,0.058240757,0.054268974,4.249049037,0,0.064814215,0.379670225,,,0.001112669,0,0.427001607,0,,0.011885633,0.032367681,0,0
1993,,0,0.009672748,0,1.278625641,0.081298004,3.327734151,0.329780857,0,1.774273041,,3.892879466,2.805498884,0,0.005879704,0.671587939,0,0,0.00043517,0.011692572,2.120546339,0.885634717,0,0.003162103,0.201592581,5.592013289,0.036460894,0.115915349,0.59607052,2.969404832,0,0,0,4.648371087,0.099847911,3.740083886,,0.610285808,0.052592372,0,0,,0,0,0,0,0.136853257,0.407774046,0.00462041,,4.397598771,1.867090695,0.135784868,2.157949827,0,0,6.889123885,0.134804055,0.016979454,0.091276359,0.053477298,0.312817357,0.028062038,1.102596262,0,0.011595444,1.607702684,0,0.656329161,0.484397233,0,1.773740827,0.00269425,9.664672185,0,0.993573197,3.52654245,0,0.117009358,3.932425055,0,0.010950971,0,0.000588556,0.04532642,0,0,0.458787633,0.286871071,0.784313725,0.031366214,1.363896438,0.142124324,3.079247753,4.872216207,0,0.001862185,0.23899589,0,0.441073865,0.076464166,0.062598257,0.004847306,0.008732025,0.028421554,0.002720645,,0,,1.713445217,0,0,6.634957295,1.293391516,2.120206352,0.62934611,0.036805421,1.723586246,0,0.004497055,0,0.047730546,0,,1.071053458,3.656986692,0.211647815,0.007349983,0,0,0,,0.242449662,0.002611606,0.000279804,,0.081953185,0.01171517,0.060554199,0,0.108085637,0.033825344,1.280710464,0.14794034,3.930750232,,0.025865041,3.815780742,0,0,0,0.098930511,0.421293924,0,0.064924005,0,0,1.365578155,0.001459615,0.011273752,,0,1.404451266,0,0,0.36751084,0,1.725876473,5.960207561,0,0,0,0.008773108,0.007280292,1.420043747,8.618026799,0,1.543368659,4.034191314,2.77979337,0.274767211,0.43102096,0.013296024,0,0.157267207,0.153945411,,0,0.040871324,0.002938995,2.622388239,0,1.012894051,0.07399501,0,0.008502225,3.082463415,0,0.871755055,0.00344867,0.006718503,0,0.002577987,0.089592938,0,0,5.438606939,0,0,0.0291568,5.180727693,0,,0.011505584,,0.011503953,0.394954907,0,0.254049952,0.058573645,0.325073304,8.864091559,0,,0,0,0,0,0.092371594,0.029221926,0,0.712174554,0,0,0.228265111,,0.011385259,0,0.002577987,0.011503953,0.134923377,0.026164191,0.148443728,0,0,0,0.000126078,0.115837142,0.156362743,6.103716586,0.002270342,0.076782889,0.862938276,,,0.00553412,0,0.618240579,0,,0.037663475,0.100950204,0,0
1994,,0,0.015532086,0,1.250259142,0.105012027,4.098632759,0.701068622,0,2.316289305,,6.807810813,3.504549191,0.006514549,0.006184101,1.264320986,0,0,0.000940619,0.076908205,3.207749877,,0,0.016869419,0.411172831,8.390338101,0.054342489,0.360031692,1.130539817,5.43654522,0,0,0,6.435664704,0.264693078,4.772581632,,0.814454288,0.127903776,0,0.011810778,,0,0.24169275,0,0,0.205830135,0.630540947,0.010589381,,6.032274164,2.739958383,0.294173605,3.009651998,0,0,9.661657764,0.267922366,0.004688247,0.182546738,0.102427571,0.576998231,0.062636816,1.793815607,0.170828212,0.012237709,2.510037075,0,1.047842335,0.943535167,0,2.896976353,0.004637836,13.28153215,0.143666151,1.527885256,4.393732207,0,0.245162295,6.812778164,0,0.020417059,0,0.010806418,0.078334523,0,0,1.447153501,0.352102049,1.727072397,0.107232198,2.869627327,0.172352271,4.835142776,8.020962705,0,0.0041613,0.458153231,0,1.380157809,0.159588719,0.130013554,0.0083467,0.013514619,0.040831947,0.005520843,,0,,2.453545736,0.015419914,0,8.246726037,2.583802439,3.932290383,1.069988634,0.034812194,3.490181339,0.002539553,0.007471468,0,0.098166222,0,,2.164843483,5.17054703,0.429744707,0.013154732,0,0,0,0.360727513,0.473334677,0.005095229,0.000884608,,0.161302474,0.019717439,0.127114588,0,0.222997004,0.123604654,3.204244164,0.331189288,5.473693346,,0.05220786,8.41139927,0,0.002300657,0,0.148921586,0.608553991,0.553611325,0.136386093,0,0,1.912899318,0.004296639,0.01784531,,0,1.395552475,0,0,0.512193086,0,2.829380142,8.841667998,0,0,0,0.012103699,0.047903009,2.095556871,13.57681303,0,4.562506337,6.60149621,4.386926541,0.320066981,0.679570086,0.019977168,0,0.222020353,0.252609789,,0,0.101261502,0.004923771,4.784861682,0,1.726440031,0.16326722,0,0.11355962,4.8750283,0,2.329400169,0.01202193,0.018649723,0,0.004450435,0.087701216,0,0.001156238,6.952534047,0.04123121,0,0.085738294,7.479726006,0,,0.070603985,,0.070594054,0.62697132,0,0.321419268,0.111129032,0.818517787,15.71336635,0,,0,0,0,0,0.184778843,0.06613355,0,1.26050362,0,0,0.449358846,,0.018026464,0,0.004450435,0.070594054,0.207867451,0.030665204,0.303364973,0,0.001276347,0,0.009729426,0.248936067,0.213198969,9.104921407,0.004009233,0.138723192,1.475034896,,,0.016722953,0.038974721,0.990182047,0,,0.056894904,0.838227596,0,0
1995,2.138784453,0,0.016472597,0,4.424155104,0.197623255,5.496642593,1.163818921,0,2.364110905,,12.37017796,4.80296973,0.077212068,0.009082238,2.315095365,0.017541931,0,0.0020856,0.250295641,4.895960832,1.464024281,0,0.057875715,0.747480214,10.29850017,0.094677895,0.794074075,1.753272662,12.16292716,0,0,0.001343226,8.840378661,0.501823664,6.372585485,,1.366430697,0.293245078,0,0.020101116,0.020232062,0,0.750781397,0,0,0.539072399,1.09438499,0.017736898,,8.000757767,5.196816887,0.472956237,4.479975831,0,0,15.71430701,0.701670075,0.016001794,0.382200086,0.183785832,1.247704152,0.161259246,2.844323023,0.480566995,0.012045436,4.112697867,0,2.397111579,2.12493964,0,4.554784521,0.047492217,20.34240794,0.283656121,2.24533597,5.800585047,0,0.370206862,9.889762431,0.002960248,0.036990796,2.41891149,0.012121718,0.135304285,0,0,2.558141736,0.398990554,3.676826318,0.300474937,3.410917685,0.170709867,7.640130684,12.99329905,0,0.010295282,0.718264839,0,2.559893292,0.316126,0.254128654,0.013210103,0.019758414,0.108515907,0.009869542,,0.008022562,,4.37561861,0.026298054,0,11.54703239,8.354980904,6.886434446,1.833349512,0.27406405,9.408600615,0.029582694,0.008312034,0,0.13092897,0,,3.675661704,7.414872617,0.733063095,0.031592094,3.955949187,0,0,0.680087051,0.809949041,0.009019574,0.005382512,,0.281311331,0.050625056,0.248742496,0,0.459960085,0.407791561,6.575491484,0.603017378,9.004941537,,0.109979867,9.788273616,0.000322649,0.009663613,0,0.346883773,0.721767371,0.51744414,0.269230541,0,0,2.727651884,0.006101938,0.080539544,,0,2.086303418,0,0,1.039713789,0.003833777,4.849446866,12.23344292,0.211580847,0.436000423,0,0.011989874,0.094431584,3.495460441,22.50808984,0,5.015045135,9.931810637,6.937056168,0.373712058,1.210112739,0.032334152,0,0.307206643,0.70950518,,0,0.194906956,0.008577302,7.778517686,0,3.375687267,0.329186723,,0.198267314,7.704189991,0.534386617,3.685294341,0.039488733,0.059572491,0,0.013612987,0.08621589,0,0.001400443,8.786437875,0.064024764,0,0.234428837,9.112149533,0,,0.103051254,,0.103046504,1.109538207,0,0.387125496,0.22963108,1.370636715,22.74910726,0,,0.066283987,0,0,0,0.386956483,0.164303855,0,2.200303493,0,0,0.772041835,,0.080539544,0.312734551,0.013612987,0.103046504,0.506214736,0.035457247,0.746945781,0,0.011688367,0.008423042,0.027372102,0.48164988,1.237570103,12.6047249,0.016256445,0.198849448,1.827799058,,,0.0309129,0.071922775,1.584961959,0,,0.054933344,1.291434219,0.017497352,0
1996,3.605985937,0,0.026485822,0.068840778,8.538444783,0.355462105,7.844957726,1.891500329,0.009453508,2.410710974,1.850665528,21.7568676,7.475118128,0.216497822,0.008912568,4.694050625,0.043828702,0.00506143,0.00326795,0.321320979,6.913956774,1.744231135,0.043034507,0.064472565,1.028369629,12.9329206,0.427823762,1.519628432,2.380970426,14.38757599,0,0,0.031967296,11.82226558,1.109543555,9.387357671,,2.178877112,0.549163873,0.09259594,0.024446549,0.016696581,0.035745282,1.404166019,0,0,1.304630033,1.375131879,0.022102299,,,8.105505207,1.939566548,6.609990079,0.016274814,0.647963343,25.05702382,1.016767731,0.039202273,0.670649276,0.345707682,2.474717191,0.314893302,4.475722921,0.517246854,0.011861838,7.176675149,0,7.586339439,4.920277348,0,7.188605675,0.080504205,29.30153817,0.471549627,4.230263986,7.410685914,0,0.613332035,12.46095848,0.046091288,0.074354288,3.673020528,0.011736,0.282499795,0,0.013365791,4.944987939,0.565498631,7.382862874,0.425086663,3.919357017,0.164189009,11.91845262,21.70170873,0.040376411,0.026871597,1.39727181,0,4.57770369,0.560155439,0.44920753,0.023532623,0.031635997,0.285399813,0.019403189,,0.033701672,,7.932034067,0.09760113,0,17.32947288,19.09479005,11.27907186,2.198589265,0.541761443,21.56058437,0.063930025,0.010026174,0,0.208266253,0,0.691387615,7.078148774,9.529321669,1.255300369,0.076003812,6.447444858,0,0,0.939837005,1.347863911,0.015822176,0.010084564,,0.386704011,0.11036611,0.438453945,0.070930875,0.798047379,1.413556028,10.8694602,1.159335396,11.05246144,,0.157659667,17.43566562,0.02135537,0.016567447,0.007978967,0.712470885,1.051320868,0.71015818,0.474997772,0.053564006,0.012871175,3.135205093,0.015785413,0.141461465,,0.038850072,,0,0,1.824826146,0.0364413,7.15113869,15.80324765,0.38960681,1.064637997,0,0.012593755,0.107218744,6.548588399,28.76103723,0,5.980265125,13.25678401,10.8306443,0.689338869,1.89746797,0.052303248,0.248709818,0.824805564,1.347232983,,0.047200797,0.563666011,0.016376051,8.845403321,0,6.544476984,0.669014665,,0.29503835,12.00603281,1.239955856,5.614311695,0.074424492,0.15029596,0,0.036678056,1.011950648,0.007113041,0.015793657,12.0728218,0.091219389,0,0.400740518,8.794474029,0,,0.180538035,,0.180689004,1.656894369,0,0.546935486,0.53343499,2.070905846,28.16003761,0,,1.365344085,0,0,0,0.679055847,0.337382606,0,3.096979262,0.001739917,0,1.318619397,,0.141461465,0.313870586,0.036678056,0.180689004,0.757649807,0.071298377,1.356502457,0,0.029362791,0.018684872,0.059030694,0.832377848,2.42029077,16.23815248,0.040673617,0.259072152,2.578818893,6.371455878,,0.089299977,0.089638072,2.498897679,0,,0.056551791,2.258077502,0.029989053,0
1997,3.98141538,0,0.055130843,0.099059921,13.44671556,0.611174873,11.85794673,5.62910957,0.15935483,2.548141677,1.938199136,24.66137476,14.47070198,0.504939253,0.009718077,9.548274196,0.067517635,0.014092851,0.020809104,0.853688207,9.799631738,2.161446077,0.254525031,0.080697147,1.164387324,16.57633243,1.484397923,2.725767586,3.028276003,14.52062574,0,0,0.040003118,14.04583637,2.84876704,14.72994464,,2.75502543,1.052726386,0.239327506,0.02855312,0.020191297,,3.336985973,0,0.004789708,1.760159868,1.732894934,0.027158313,,11.54343185,10.32497954,5.104522953,9.912481627,0.029510232,0.785799084,27.36597973,1.714916352,0.057339703,1.116128529,0.651651078,3.725149931,0.692778318,7.183478351,1.072140872,0.103619882,12.56794687,0,10.95273284,10.32159425,0,11.51535492,0.153897652,42.06724499,0.655656678,9.958005642,10.5847387,0,0.835229451,15.15254531,0.609447781,0.12446167,5.948446794,0.034568886,0.420058457,0,0.063655345,8.655453683,0.965142151,11.59889756,0.614318049,3.774300427,0.190720364,16.82942392,34.67552508,0.246500814,0.06566403,2.61691813,0,6.844830397,1.025231853,0.820921111,0.044856172,0.057590908,0.457970991,0.038424954,,0.089033266,,14.8509496,0.382047218,0,23.96205251,29.70554874,20.63367341,2.62987066,0.989408624,30.59119313,0.074254448,0.023379915,0,0.29445528,0,0.467129999,15.21163954,12.83619367,2.476377559,0.096434494,12.08968939,0,0.20307261,1.059644754,2.543574525,0.029480574,0.021251709,,0.62189487,0.194500329,0.797428467,0.19426324,1.413350388,4.614134791,16.0027049,3.166808235,12.82549129,,0.269510477,23.04589975,0.051537046,0.028612824,0.503224145,1.214199317,1.758956617,0.901406271,0.864550265,0.620679856,0.030035121,4.407620841,0.018198005,0.326270907,,0.085626592,,0.014780106,0,3.681905532,0.06728014,9.171856982,19.54375525,0.711047806,2.628890485,0.000994962,0.013160263,0.15589969,11.00405144,37.99635075,0,7.45823389,15.09009147,15.27952005,2.433734685,2.888534253,0.101070011,0.816973446,1.701558964,1.84611551,,0.077592785,2.111734246,0.030454434,9.795459071,0,14.79998641,1.677662887,,0.43557101,16.86979607,2.425648315,8.210904435,0.884783766,0.32744683,0,0.088549453,1.742146861,0.011974633,0.075752533,23.22922974,0.173221257,0,0.685934241,8.999004365,0,,0.34050596,,0.340829925,2.43713272,0,0.504275623,3.720696079,4.706932356,35.77110377,0,,2.911640081,0,,0,1.130168983,0.820896533,0.066492152,3.660549703,0.005389767,0.057656946,2.541072484,,0.326270907,0.124257046,0.088549453,0.340829925,1.359586952,0.082881819,2.666464566,0,0.063952305,0.022640286,0.113442549,1.526240622,3.034200069,20.14238484,0.0724346,0.320367404,4.656348533,,14.81454047,0.205189937,0.118283011,3.656376802,0.444854841,,0.076112541,4.279063857,0.048819276,0.047601602
1998,6.16435217,0,0.07474762,0.168397958,22.12730607,0.935105895,17.91459445,7.396595596,0.251561377,2.683411152,2.021399887,26.16715738,28.62886002,0.814081353,0.009615874,17.1799361,0.096020877,0.024890963,0.058833439,1.561842059,14.90809458,2.784158716,0.691629718,0.120576083,1.570531759,20.18755219,2.935775674,4.347740579,4.521988167,15.48765187,0,0.897675617,0.046681951,17.73689555,5.710329757,23.878032,,6.397437861,1.886071369,0.590886388,0.033095248,0.022241527,0.114474547,4.667668497,0,0.239474846,2.900080921,2.257219077,0.036659711,,13.69826718,12.82201225,9.381611565,16.66213257,0.031432074,0.924674586,36.44494478,2.494884143,0.05840281,1.730428954,1.049791666,5.294958888,1.442931128,12.26972622,2.0163,0.141666208,21.92606542,0,16.20300377,17.82710022,0,19.70766382,0.225383311,55.22721773,0.999230592,19.11826072,14.46392897,0,0.831015195,25.41757307,1.234098639,0.232363487,8.991945864,0.255012846,0.435446069,0,0.061043034,18.78539526,1.391877752,15.90584114,1.042410082,8.430142834,0.197145592,24.18057311,48.15693696,0.583530318,0.14403465,4.006694363,0.120690009,10.40708506,1.676819068,1.341251653,0.086402577,0.087930271,0.525057963,0.085624885,,0.118621095,,25.52193159,0.612075354,0,37.8418394,37.24716556,36.04026526,3.102606933,1.780031019,37.76545041,0.199889072,0.03621275,0.027985829,0.524974387,0.027493814,0.991191908,30.81749792,14.51624891,4.012946046,0.124074727,16.2266451,0,0.399262164,1.241294605,4.170794373,0.06457726,0.055905681,23.27241133,0.937791896,0.26979181,1.285357247,0.539687716,2.308766117,7.519752997,30.64574459,6.935166587,19.60650414,,0.416387264,36.40574928,0.165808961,0.08643535,0.613040275,1.707179743,3.326889843,0.664458226,1.392990439,1.494548007,0.046054694,5.581290502,0.017996161,0.484323715,,0.383423798,,0.038759156,0,5.183908342,0.09812919,9.841173744,24.19021377,1.077515349,6.458674882,0.013205028,0.017113417,0.370848963,21.36015147,46.66552105,0,8.454346529,20.880303,21.87636564,4.513768144,4.368091298,0.142990386,2.92806246,2.946195071,2.330392072,,0.108883976,5.017180998,0.066051259,15.38576626,0,30.07699652,4.512424467,,0.618786265,23.871723,4.84280585,11.94766401,2.84561335,0.505809984,0.069738333,0.123165893,3.253239323,0.026421438,0.292795434,29.30502362,0.179772749,0,2.325930133,18.92025379,0,,0.612451522,,0.613197841,3.600681018,0,1.323360945,8.644120373,8.125779991,46.37067378,0.456889998,,6.663157489,0,,0,1.752236449,1.765198619,0.162312718,3.246072667,0.006984944,0.068254835,4.173202599,,0.484323715,0.134033055,0.123165893,0.613197841,2.083650154,0.417204648,5.718854527,0,0.117177126,0.131691862,0.231119318,2.513588219,4.597686833,24.89063952,0.110985339,0.694939911,8.558457929,,23.09020883,0.281397441,0.123544145,5.338881539,0.855595188,,0.097475072,7.660999509,0.086243954,0.155362034
1999,13.48254011,0,0.177638088,0.331772024,32.14530928,1.490951415,28.76186046,10.54064245,0.263783931,3.170800451,11.17818019,33.18891382,53.07787628,4.597452067,0.012222561,31.11171947,0.107840809,0.044637705,0.114644643,4.339230099,20.82466731,5.422195868,1.402104049,0.23375711,2.842663676,20.46133926,5.050749735,8.739617433,7.628652994,20.33892037,0,5.33356832,0.116598212,22.72196984,10.87733514,42.84137752,,14.80909023,3.401326149,1.627198864,0.03867561,0.026150001,0.164233601,5.012308803,0,1.858266846,3.596761254,4.110624057,0.046263685,,21.12534539,16.38578873,18.93412681,28.08210875,0.039345073,1.144459386,49.41497271,4.977015979,0.230206295,2.983739405,1.887530108,7.820842028,3.214429215,21.31433246,3.118622576,0.738848579,37.72004984,0,37.56120588,28.13023353,0.01050517,33.92040977,0.377122948,63.37991163,2.897663403,36.39293613,23.50179086,0,0.743444999,46.28415293,2.773981786,0.380901054,13.40437259,0.292782939,0.444791613,0,0.119481688,35.66038018,1.983418933,24.12353476,3.087211532,12.99114653,0.379868456,35.45774773,63.49747283,1.286770033,0.282858668,6.538459663,0.296442489,15.87960141,3.034967856,2.42471466,0.171251907,0.171023051,1.078418633,0.171368315,,0.183832581,,44.70952009,0.756224827,0,62.00750065,48.88595196,53.2698128,5.643288716,2.519897737,45.30199511,0.337203384,0.077946501,0.052542783,0.745096324,0.245769689,1.557701722,51.2497731,16.49797487,7.4253783,0.227966538,19.8624769,0,0.589050841,1.483172441,7.755066033,0.118900828,0.141493567,27.54315094,1.372850693,0.500428128,2.304115074,0.65231182,4.078463455,9.402616646,48.5058015,11.45715573,27.75920912,,1.30109029,41.1385438,0.431908228,0.234242473,1.094011725,2.476591392,7.556565917,0.850679776,2.495965765,2.395345854,0.064015263,9.253024283,0.023763903,0.846318592,,1.454509033,4.31835412,0.068788234,0,8.68191259,0.20430944,13.05902224,29.80815345,1.615379272,12.35454885,0.020686548,0.02086256,0.880866443,42.76652187,59.64444389,0.024239584,9.956192752,36.54351285,32.1984173,5.570166373,6.896254838,0.188940993,7.779308778,3.956483268,3.749085447,,0.134689553,10.30601103,0.137243507,21.48996378,0,45.51511117,8.312677792,,1.508675875,34.43697371,9.413365614,14.74513025,6.028479507,0.9306548,0.14007359,0.18884224,4.264008629,0.038958687,0.9136395,42.66178346,0.272349205,0,8.625088108,36.02316312,0,,0.995595871,,0.997992876,5.858545309,0,3.802570538,12.32871626,31.74230763,57.83206475,1.335685412,,20.72662602,0.025006627,,0,3.021387589,3.852944773,0.358576107,3.796302633,0.010254877,0.089899216,7.817029288,,0.846318592,0.143653098,0.18884224,0.997992876,3.056576593,0.584649115,13.04791761,0,0.153542046,0.239741703,0.437415192,4.504676461,9.644671738,30.57610298,0.164732289,1.316289547,15.80594982,,27.6673645,0.410697465,0.165429621,8.136814901,1.399647786,,0.162466318,11.7386481,0.286507645,1.404956282
2000,16.50927821,0,0.185322296,0.901406013,35.99902139,3.178495929,47.18932233,17.58105905,0.568447429,3.463022843,28.3329899,44.45626668,76.26932886,5.178780011,0.244520537,54.81877375,0.79828865,0.217480374,0.210751714,9.224411944,30.78644018,10.58708553,2.435501689,0.494446704,7.046515722,20.68844789,6.858168503,13.28797717,10.6542161,28.63161956,0,12.65769422,0.136519203,28.42909462,20.66495898,64.73332728,,22.01007195,6.658707962,2.93188436,0.648423286,0.031949396,2.239137305,5.656428656,0,4.459276806,5.385144702,11.20844431,0.058679798,,25.66870577,23.14502373,42.3984415,57.71833398,0.031816868,1.722183154,63.00812452,8.142637879,0.27112703,5.715763227,3.290524631,11.39397119,6.650761597,34.11230295,3.847519769,2.056199148,59.13683998,0,60.23673164,40.77249606,0.026894684,53.5884582,0.592901165,72.03009689,6.783367646,49.06407866,36.50383945,0,9.791705935,73.70811816,4.105349723,0.690808845,20.32101203,0.481493068,0.455705803,0,0.964917528,53.99532333,4.231450502,26.9056859,7.647420611,17.51133086,5.35010766,49.33116618,79.69431046,2.490088703,0.598966884,23.08276209,0.641157609,30.08846831,5.478570722,4.377843931,0.362915742,0.351088592,1.756173957,0.368922951,,0.343205051,,64.69946298,1.460445511,0,76.41724807,73.16613652,74.13388725,14.21072341,8.158384017,53.12376978,1.353628011,0.407236044,0.181640211,1.068055124,0.362371358,2.634814685,58.32541383,24.97074069,11.65855235,0.235344074,22.96484493,0.051867794,0.772769907,1.592874118,12.14390138,0.265031503,0.328224203,30.21787085,2.282674554,1.068710619,4.183175914,1.163652036,7.334092617,14.97807884,69.54055275,16.92073434,32.65795646,,8.157401485,43.4119884,3.384313924,0.40072885,2.800417973,4.616647348,13.55289414,0.856962098,4.529652079,5.640386155,0.10133933,28.08241867,0.027649475,2.207465338,,6.448456354,4.383785837,0.279415996,0.564972795,15.1880406,0.432804993,21.86841916,37.48732685,4.320444184,23.78362935,0.018708231,0.024414713,1.770151267,67.8126917,71.77887831,0.044107669,11.94981079,39.96856428,45.24181202,7.388707592,11.53513838,0.213090946,13.4345747,4.899434925,8.311919376,,0.1591307,17.59256113,0.354893493,34.71439546,0,64.66938516,15.34151749,0.220809518,3.149027738,47.65562911,16.81649787,20.35664898,11.16205327,2.223450492,0.464530312,0.33363632,6.830029352,0.067275601,2.537610482,70.11912902,0.279141283,0.288422726,12.47950508,53.77655827,1.083215895,,1.717665422,,1.72136386,10.86594599,0,8.795974869,23.08340185,61.09944736,71.8225431,3.102334742,,32.5431845,0.183248542,,0.066255872,5.787983243,7.634721942,1.027801412,4.901883807,0.01875156,0.166614128,12.23545262,,2.230731996,0.183744717,0.33363632,1.72136386,12.76518557,1.247438441,25.53785046,0,0.324856957,0.522799789,1.668508529,8.048931812,12.36996893,38.46809105,0.213979368,2.188198004,22.31756703,,32.25479444,0.974879067,0.197235461,12.07461581,1.431729415,,0.182861648,18.59462788,0.978647519,2.130905435
2001,57.05427692,0,0.521366177,11.94887288,43.27794118,5.746610803,60.95911885,18.08742442,0.833474947,3.7059956,31.65678975,57.12450962,81.26031128,8.907406533,0.488582584,74.72253301,1.742181889,0.637748952,0.385958523,19.53377787,42.87476619,19.98481873,11.46353529,1.394421246,15.96872731,21.12459598,8.996551647,16.24346532,19.79567344,42.16988977,0,18.63146249,0.296972634,34.36625958,32.42652751,73.26690722,,32.61518474,11.24474524,4.436889916,2.552194314,0.311416239,4.679258656,8.05071461,0,6.988944394,8.146131245,18.84024547,0.076766381,,39.24556179,32.69487385,67.90006485,67.14964818,0.408868633,11.06804479,73.95702529,14.43390143,0.311040075,9.755634224,4.682102734,15.81584052,10.28485683,41.98483842,6.722172021,4.157181333,71.55463763,0,72.76287627,48.00416351,0.040466846,64.82275077,0.983678521,80.48036651,9.934086167,62.07543084,51.95077968,0,11.94934434,78.20217751,6.435462135,1.263629537,35.47324209,0.625832387,4.348732248,0,2.805878128,72.31264774,6.29755815,28.19106449,9.987303754,20.84172436,10.07413827,58.17958552,83.80339232,3.73334653,1.075525569,39.46668034,1.049282205,48.7187786,8.520076973,6.831762057,0.746750972,0.827756574,3.076348345,0.705694619,,0.617271781,,76.82678973,3.12208672,0,87.35284592,89.73880798,89.59054415,22.9496504,17.90295067,59.39257273,3.997457287,1.867625738,0.541281538,1.791593179,0.468781524,4.544077552,62.87887506,44.32587231,15.16202585,0.540111284,22.83637122,0.066694011,0.950809491,1.701859439,15.90731238,0.530732326,0.584093464,32.86034354,3.50715883,1.993995963,6.551885633,3.045685279,11.76519108,29.40820126,92.94015273,28.00633094,44.3925767,,16.44227749,44.18834579,5.56850887,0.908488031,6.800683884,7.619606522,20.65462731,0.937068833,7.095972571,10.81183556,0.227184768,58.52032186,0.04636746,4.385947254,,8.058953518,19.18130694,0.812595994,3.957257336,22.83991451,0.479473493,30.86633635,43.68171969,5.519649642,31.74893301,0.018654958,0.211468606,3.177883143,76.48800198,79.58406308,0.073075092,14.92091913,58.56429927,53.62420908,14.425922,16.13443763,0.505665777,15.24642626,6.799862189,15.33355244,,0.193876721,26.11177828,0.809620254,42.85358211,0,77.07273739,21.05987579,5.345118817,4.44693504,55.91884717,27.89336693,29.08248993,17.2348729,5.302377987,0.742008878,0.605016462,12.10362407,0.29668392,2.982582079,74.35716693,0.228319666,0.626096017,14.33148118,57.7201733,1.117059269,,2.493567068,,2.498647536,15.93959947,0,18.38111013,39.85063974,73.88356824,80.75654186,5.117416802,,45.23571702,1.197534229,,0.25519327,9.879032574,11.70662645,1.902959101,11.97100258,0.025916869,0.17955684,16.03317652,,4.374603303,0.239584179,0.605016462,2.498647536,20.12862843,4.032357658,30.53479924,0,0.789674329,1.130100554,4.575427253,12.32872044,15.63054405,44.69057874,0.510035685,6.937743659,26.025208,,37.78418778,1.530911368,0.184906358,15.52569401,1.423957805,,0.819950583,23.70080761,1.169642903,2.494700186
2002,65.05605558,0.112598381,0.940444726,26.07553141,45.77115817,8.526644585,75.31310009,17.4519491,2.341613166,3.466771101,47.73834812,64.2670099,83.24472516,9.592056203,0.738874924,78.36155617,2.950472734,0.902809026,0.784635571,33.00364603,53.10146463,39.3992344,19.21141303,4.695385079,20.54645981,47.32383702,11.57177993,19.44379918,36.06098158,44.35447321,0,18.36751842,0.334461655,37.94941948,44.06820564,79.21417229,,39.47217874,15.90376731,6.159273168,4.18010464,1.130925646,6.754536548,11.15236825,0,9.354227469,12.27400192,31.43276044,0.159211568,,42.46569219,42.6515777,84.29721942,70.65529898,2.014953643,17.43832908,83.40020495,19.032561,1.382262358,14.08030185,6.084134909,20.3257929,15.47125562,47.62051596,11.97894159,6.580539155,76.3100702,0,81.09707953,65.37189261,0.072008853,70.9473107,1.522154087,86.85667387,11.01395796,64.25770241,72.7461205,0.093472795,21.72917519,82.83088603,10.8965115,1.954760936,43.46599028,1.003476993,7.653059272,0,5.803420028,84.47267901,7.397721819,35.24250893,13.40404656,44.83563447,10.57779542,63.70313431,92.52968608,5.026447085,1.6906969,52.24918201,1.580200539,67.7194215,11.78522742,9.507939745,1.395249669,1.713071115,5.440891607,1.234587981,,1.207386542,,76.22193286,3.365177521,0.079244744,90.76740239,100.9785288,94.25849261,47.39667326,24.87463731,64.25260095,7.023092365,3.597282273,1.06095982,2.989928034,0.576929801,10.65325777,69.71267379,59.90532323,17.97096485,0.994726112,22.04753436,0.162830754,1.310765939,8.933508929,18.81185158,0.996695926,0.988027922,33.712782,4.835730796,3.110953458,9.146384923,7.316571262,16.68168473,48.09591311,106.6458636,39.58103986,62.17223911,,21.14761119,45.55171041,8.521582045,0.974006438,14.81875767,10.37697167,24.29476815,1.05826192,9.901174421,17.61178072,0.422451786,67.44548628,0.097403007,6.019610946,,8.840752266,25.01788347,1.318635599,8.592317244,28.9858312,0.721460565,37.08149429,47.79033577,7.659693112,36.7444424,0.48692184,1.214203412,4.520234723,75.42527387,83.54187575,0.09078175,,61.81319895,58.68095532,20.05710427,20.946237,1.13467446,16.54407022,8.630568103,19.00223229,12.55683269,0.265005167,36.3068767,1.58239114,43.40052831,0,83.40042883,29.92114508,7.480269311,5.286671782,60.89556505,21.32374547,42.35095158,22.96939841,12.10050689,0.916726444,1.174506347,22.94577415,0.532659744,5.326721238,80.09691896,0.229718543,1.491192948,14.79314975,59.71707526,1.277804385,,3.579326421,,3.585293899,22.2633877,1.370744979,22.57096974,54.25817009,83.77681411,89.20279254,6.283595288,,54.14654223,2.353678293,41.6375345,0.381697962,14.25855669,17.3411775,3.22303878,27.35185035,0.206117376,0.177667308,18.99500098,,6.002247606,3.385040824,1.174506347,3.585293899,20.56564686,5.890825052,35.86941403,0,1.694829293,1.516028656,7.661123211,16.92421196,15.43284748,48.85103822,0.737743132,9.229773463,25.82297154,37.17817641,41.64284001,2.304592878,2.526424336,18.58021399,1.528948084,,2.62339074,29.66584635,1.309049061,2.680018119
2003,72.10431377,0.865196277,2.269621281,33.95706284,68.60251444,11.59638248,88.21926159,20.6535373,3.767384533,3.552277687,56.98111342,71.9035383,89.33569564,12.62937463,0.881016032,82.86829993,3.08093958,1.880815092,0.980702181,44.84272118,57.39322693,38.72582567,27.58857728,11.42668966,23.38066005,62.83281758,14.18292347,25.51445011,51.69027189,50.15283516,0.365843964,24.28121327,1.04448569,42.07126881,53.93107791,84.90784638,,45.43908728,20.72082242,7.573690548,6.253165411,2.444905248,9.811447759,14.7740697,0.350575206,11.42376199,18.65912118,43.08084245,0.314389406,,45.70733403,55.27790635,95.14729054,77.33760059,3.046014687,33.95186845,88.56084311,23.06075038,4.384169991,18.49917843,8.354933943,24.74001751,23.6541812,55.08667549,18.05870507,8.349882145,82.2609956,0,88.58520439,78.40820096,0.071293566,77.90593795,2.499683476,91.05950591,13.44576273,68.89744917,78.71574066,5.494495207,22.79947105,90.88455695,15.58014589,3.918536618,55.96029986,1.211353347,11.07116691,0.093711482,7.299244396,81.00455341,41.31426506,52.43777762,16.86814086,50.56297244,18.30583908,69.64925237,106.4079144,5.723479373,2.762015049,57.51727921,3.557045958,78.33164715,15.91920108,12.8981748,2.267571896,2.642316392,8.478396795,2.078213791,,3.080125045,,87.26760636,5.033143273,0.308171977,96.46287833,104.2462475,98.10254268,59.5500915,26.59397758,68.48920048,9.023272289,4.69188758,2.760361261,3.853206909,0.602030422,46.14190734,72.09806317,67.09655714,22.23077635,1.998106804,21.55653896,1.512376521,2.342044756,61.1995104,23.0821662,1.678814299,1.76273423,73.22574031,7.144934955,5.130725916,12.46736649,6.633286935,22.1948353,62.22474478,120.5827345,53.30713618,80.76816408,,24.87540363,45.74435817,12.21462166,1.644891137,23.11105239,13.45635873,27.85371761,1.147462343,13.47237237,37.29216586,2.203465197,70.42230263,0.134168659,8.400066911,,12.92233031,27.55839081,2.192657947,11.83389774,38.40059593,1.103986285,44.69147335,53.60476681,11.28946209,43.8568048,0.672145676,2.37606151,8.776169743,81.81527264,89.05301366,0.333803225,,64.64038903,64.32413651,24.86270055,24.17995231,1.577483539,21.36524721,10.82372419,27.24973903,19.91878173,0.301552461,45.49288418,2.684698198,45.15286159,0,95.82024424,31.15515588,7.707200452,7.509857498,66.67023136,24.18160749,57.03019214,31.70897835,24.94148522,1.432364759,2.697282441,31.67389518,1.438819883,7.330495473,84.07042831,0.237489778,2.402285029,19.06983255,58.88501742,2.488272151,,4.961932486,,4.968204083,27.2474771,3.268115696,34.61355976,68.28425592,87.33423456,98.42587931,7.813009856,,58.45424969,6.850314444,82.69690757,0.698081479,18.73343795,25.6120757,4.632345279,33.52064989,0.729247341,0.197653332,23.36483931,2.148989306,8.408321807,11.23471527,2.697282441,4.968204083,26.19833192,19.47260184,42.29340126,0,3.530932149,2.892006194,13.59298,22.17448077,14.9614589,54.84681409,1.255442999,58.06115198,27.19332266,,45.53893903,3.289639633,3.920543649,22.30470223,5.909600005,,3.538342711,35.972583,2.212121526,2.869470879
2004,99.64250268,2.498055472,4.63174063,39.16395669,73.82494308,16.83769437,100.6685238,35.27228837,6.719510373,3.796699403,66.08091241,81.50958522,97.54481697,17.20615651,1.338877194,87.46025396,5.797473518,3.037679629,1.969454675,61.07153717,79.19074229,57.69447891,36.21150774,23.03795343,28.29761545,76.66911799,19.60018982,35.65289881,73.5247332,56.11299429,3.019121524,28.18941102,1.540992322,47.06386648,67.51983911,85.43372768,,57.28133939,25.55100154,9.766100444,8.661224693,3.792769423,11.12402678,24.45605295,1.431185075,13.89003267,21.73836456,55.34427778,0.672354824,,71.46028457,64.79829104,105.6300232,85.06020667,4.50288335,59.49235691,95.70911343,27.52205864,14.59120666,23.56947995,11.73812355,29.60996318,39.50588977,66.08459731,26.19668978,10.82720009,88.91628388,0.428676577,90.42919646,94.27919527,0.209993373,85.95296178,4.206640832,95.40312987,17.36152235,73.01991391,84.65827559,11.99343186,36.32676997,99.50619762,18.61778229,8.135148478,63.86998194,1.651452655,12.57243519,2.836587237,10.56344638,84.49551267,42.19278165,68.62221128,25.61697311,61.94925218,22.67765302,76.31077933,119.1029016,10.4578002,4.258430921,64.44748808,4.381193159,86.25517302,21.78634631,17.85871381,4.104816021,5.306961122,13.70874711,3.495139262,,4.701852372,,94.47377374,7.319761151,2.151945659,98.94191084,111.6505837,107.6937662,68.93370547,31.89416724,72.15580043,16.42011664,7.309274576,5.247235178,6.551636708,0.6915085,59.89136945,78.17313661,80.79191756,30.59467316,3.582856417,22.9512438,2.963283483,9.07935355,61.78881684,31.5383699,2.820364133,2.698739409,74.03106402,11.20278283,8.180640952,17.30450526,10.26206811,29.70488281,91.53684127,104.0863873,68.06697415,94.3097906,,31.27322579,47.23205182,20.55923738,1.879643651,38.71591939,18.62308736,35.15321825,1.236701617,18.67845775,47.25448381,3.51562473,74.0777404,0.18536679,13.02923186,78.70336929,17.1735741,30.95414481,3.463995267,17.0974578,45.31863157,1.767311574,57.60279414,61.04097919,14.28104347,51.7322114,1.356695235,6.725926062,13.71301519,91.23770356,98.61186058,0.468575643,,74.20800059,71.43643716,32.72238932,31.55294516,3.2374237,38.14169619,14.93424737,39.1016922,19.81317849,0.812159649,60.42064117,4.897684329,48.97574889,0,100.8873537,30.19071933,12.5117523,10.13982581,73.79427943,38.12383097,68.06559844,46.10214303,51.07845314,1.483308604,4.27225093,38.49018452,2.795882758,10.22390743,91.20739002,0.655269348,,30.28907507,58.33048822,6.060631772,47.18490531,7.397124495,,7.403683227,35.27464234,5.134511608,43.13368221,79.34105099,92.68311392,97.81454363,13.24493632,,63.40334224,13.27222453,100.2397602,1.272630052,23.86790244,41.33283203,6.161062986,41.42975138,2.025831908,1.06666644,32.00078675,2.660015078,13.03540834,16.34785036,4.27225093,7.403683227,50.46494092,37.55460363,51.92193776,5.18349575,5.142308625,4.195756068,28.94597129,29.66910568,18.04452826,62.54719598,2.110190903,66.32154898,32.06608836,,59.42573634,5.894190884,5.145614422,27.39883864,8.948846158,,7.52573741,43.82265902,4.155423212,3.354159171
2005,103.3849507,4.826865367,9.738161173,47.87802749,79.48487497,26.79003996,109.2858728,57.32899426,10.54901346,,104.1603585,89.76286231,105.1755856,26.18119583,1.969012632,91.40294897,7.28722342,4.720290206,6.28776238,81.27954474,87.21698081,69.21279415,41.09375467,42.41718896,35.30450132,82.19904267,25.88431131,46.31418452,75.37065739,63.31987548,5.53491068,30.05546952,2.524680647,52.75959279,81.79641151,92.24719407,,64.69417543,29.84470593,13.5071853,12.41890525,5.082723491,15.75537552,50.59739682,2.584009868,17.07319111,25.49240416,65.16617643,1.200257384,,166.4747136,75.78090348,115.1035371,94.55486999,5.672656567,73.71494996,100.5816868,38.77928523,40.22671305,28.14687957,17.37146927,34.07117549,60.9353949,80.95371758,45.33840899,18.98863599,97.89774368,0.833074787,98.40193058,109.0700258,0.539116292,95.80342435,6.65407283,100.450445,24.92449701,78.26189586,85.50562483,13.27143637,53.40403707,108.5920211,26.23972528,13.44255251,68.77579092,1.973615991,17.22725782,6.952089848,16.0524014,92.92454872,45.51485658,81.61115306,35.57138428,,36.98152291,83.48029448,123.8892854,18.57507619,6.365272868,83.15832573,5.401215155,92.31411681,29.33415058,24.41023391,7.399323855,10.35553666,20.89708826,5.906289982,,7.997206759,,102.6935533,12.13146655,5.599581693,95.40447185,117.4648609,121.8642226,73.87598526,59.88643393,75.98436507,35.83356656,12.88773918,10.74198875,7.95123006,0.718486095,103.7872159,81.52202954,60.18706501,42.06544157,11.35500253,24.92075854,4.893286594,35.74971624,63.87637766,42.89606816,4.974639501,4.011206909,79.16810593,16.84991212,13.16150377,23.73850961,12.97020943,37.83688754,132.4531715,111.3909232,84.02031102,113.800948,,41.13733424,50.8489115,28.92959183,2.789819618,68.42621717,28.65162516,42.56115672,1.267816666,25.62154767,54.11398038,6.381119979,78.11509185,0.256471471,22.39163741,88.21084083,22.05448482,,7.158096552,23.69917779,54.16012507,3.258578544,75.62840062,66.80201482,22.14362322,58.70432068,2.456446921,13.31581571,20.51941453,97.12774476,102.8125884,0.898764347,,85.3870367,78.75631943,52.85698711,38.51589794,8.084502503,51.9541559,20.13959315,40.52493944,30.39634299,1.230323235,76.339145,8.300880565,53.00157426,0,108.9082765,31.96046184,15.94401571,14.57591762,82.00802907,47.08024042,87.28674958,60.38971904,83.37214422,2.36469608,7.799621923,57.36794477,4.75898144,15.35030352,97.53228591,1.278483548,,39.71573336,57.59865659,5.905322562,67.01974719,12.01850057,,12.02493278,42.64286366,7.730815251,46.60145779,84.2137302,87.94625338,100.8176707,18.10541334,,67.52015064,16.23790613,,2.096977626,28.50232707,62.27864617,7.827044226,46.46198345,3.893820654,2.211532447,43.62921141,3.321752598,22.46882816,29.58795563,7.799621923,12.02493278,71.25271699,56.51703373,64.3740778,13.41035692,7.634377406,4.578959089,63.67435357,38.78976632,34.73290719,68.31769507,2.764509731,64.93852817,46.75510423,,74.51191448,11.293046,6.061850746,33.91078627,13.3386688,32.41300396,11.30882491,70.40479553,8.278615333,5.091109468
2006,108.1325002,9.833164022,17.83989624,60.06734238,84.27763597,38.84567204,113.2014286,80.81882641,41.95135986,,132.0006709,94.70140374,112.124675,38.35542641,2.486764507,93.00741585,12.50317546,7.354840819,13.20573922,108.2720221,95.42373897,75.37855087,48.7159617,61.95195003,42.2961808,93.41436498,30.21985533,53.11025849,86.2492407,80.4383275,12.33202317,43.41214719,2.728105589,57.49320536,96.49349918,99.3850712,,75.43868865,34.76674887,23.01735374,16.84911141,7.942801654,25.16003031,67.88728318,5.981418464,22.58745902,32.86782699,82.94775753,1.351328632,,185.0217887,82.77911008,120.7427007,102.2828888,5.690729661,101.1458481,107.1170645,48.58664735,60.85091077,33.7924501,25.49975121,39.47870679,80.21752083,94.45858616,60.50592352,24.66217297,105.909897,1.23129209,103.7617236,125.7645616,1.107028759,105.0255772,12.71456909,107.6347185,34.37685675,83.53432024,101.1150686,17.61444278,63.55598776,115.6002598,38.32379074,23.72559884,75.2342521,,27.27777463,10.83048396,19.30759738,99.34233967,44.7346504,94.68599034,55.2407726,,52.26250936,91.08969573,136.6602462,31.84055311,10.74220631,100.3790937,12.78140119,98.89553625,37.89933486,32.50885585,13.95920038,20.22778567,28.01943927,10.75996069,,14.52388234,,110.9801131,21.67657012,33.30009751,100.4087225,124.3388396,136.121113,84.36418744,79.99969054,78.51905384,51.0647485,19.96957736,24.82981805,12.70116666,0.761258469,102.3623628,84.99862058,48.79420214,52.96800586,17.12308321,27.11958337,8.272298053,69.06848267,62.98536306,53.97063599,9.112763242,6.972299109,82.09146968,26.87761576,21.43113577,31.67337787,18.44519698,45.60345208,145.6770199,152.9357005,99.37820811,132.6253418,,52.6556339,53.26602462,36.55327717,5.555513652,89.50813176,41.01747779,49.40875353,,34.0169948,60.36108494,12.27489738,83.24155512,0.424185551,34.28350674,104.3490032,30.27549174,,10.83653425,32.74292687,63.49227878,4.660239481,73.93037394,74.45911875,29.65740203,66.71918112,3.530777893,22.55327253,33.12659154,105.6191836,104.2820191,4.513927046,,90.85476294,86.20768201,71.15818396,46.83932762,21.44519233,63.42264232,32.53576937,49.06786375,41.70497701,1.601076692,96.20698849,15.18542396,58.63957269,0,116.0366893,53.74829108,22.58418848,20.23444922,90.4846539,58.97621939,95.05695524,72.47089777,104.8422057,3.252279849,15.06016467,77.6448435,11.89555131,25.75017105,103.7771628,1.456073386,,63.17542366,57.71656157,6.33081064,81.46443476,17.74866393,,17.75584378,52.7921308,11.60157677,63.34300634,90.65912525,90.56940742,105.6913243,22.35630041,,79.7415259,24.86052316,,4.500299416,34.21862847,81.60869813,12.45197504,60.90324472,30.91513694,4.516582511,54.96502678,4.823121119,34.42421986,29.5728077,15.06016467,17.75584378,116.519036,72.23298695,76.73832278,16.4406083,14.04274015,6.761102482,104.7041786,47.42261601,69.96574097,76.29353842,9.606295141,80.46608146,69.10208356,,,22.03265688,6.987989975,41.76050638,25.12798705,32.41300396,14.41207153,81.0762872,14.11800015,6.673415953
2007,112.2180618,17.71624331,28.01098233,73.35038415,78.1171579,52.5371804,133.3628641,102.7215283,62.7586975,,133.1575767,100.0646043,119.2569828,51.52721935,3.241953471,100.5624899,23.56334604,13.05253397,23.46762823,130.8646368,108.1005238,109.340767,63.34032541,72.61067076,41.34020042,106.9568452,33.63225131,63.67475185,93.23830793,95.9883599,21.99686472,60.13830503,8.278756443,61.47310755,110.4606381,108.5154861,,83.7200337,41.01687431,41.60500652,23.75158108,11.52690544,34.25590964,76.27493489,9.815151975,31.46741973,33.79212704,94.78155491,1.75418261,,197.1887628,92.9655393,127.9639191,115.1403608,8.70663211,125.7150929,115.3715804,57.33593759,78.53288666,42.56811922,35.03480717,48.03977794,94.73271651,106.1699188,69.66428675,40.54135052,115.8908435,1.619011387,108.4148248,128.0786178,1.5023463,115.1694166,18.92320826,114.8847345,63.44901555,88.98459991,105.2770715,26.10540739,80.76618018,121.1018108,58.73630305,33.75729429,81.9000819,19.90650512,52.33214725,19.95658668,23.45149761,111.0964206,49.60226285,116.8664308,89.33491997,,69.9336844,99.37696117,155.0398371,58.29729484,16.69967421,115.2253076,26.27785531,109.6328855,47.39376488,41.51414185,21.76574389,30.84942281,40.43198063,17.21925941,,20.1553755,,115.8530739,41.45707252,48.78540241,106.9324528,128.454728,150.962827,99.12039649,84.36638062,84.35360774,80.03793182,30.06283272,42.23224718,18.79147363,0.802989261,127.7784381,93.26624778,55.82934104,65.71060132,24.58574175,30.43615738,15.9839014,77.82628758,86.39486568,66.5577838,15.06091494,11.53443273,90.66783732,39.32382822,30.88312178,40.60587758,24.66811263,55.10771017,153.9793573,143.7137566,102.3002948,161.052988,,65.31204171,58.26407334,51.2664194,11.44808924,101.719445,56.76405278,58.62729509,,43.49330941,85.5869447,19.8881407,88.03028855,0.487204548,48.6185556,145.678213,46.03282072,,13.89078923,42.46099968,76.11805478,7.662757357,87.07077496,80.05247166,38.46157543,74.75973869,6.339238428,27.44502851,44.71926088,117.2850348,106.7054572,12.5968872,,100.4364319,94.12272295,97.28614462,58.62113674,38.34402045,86.2390627,54.42326978,64.52260075,53.14146535,4.689241614,108.3783985,21.77938071,65.03405211,0,127.6765737,76.63906251,27.42174925,35.92176466,98.30798027,67.15560318,109.696397,92.66014887,119.176587,6.397339361,22.50256301,109.5864024,20.3550956,30.49821024,125.190588,2.21478092,14.3278776,100.2356543,57.60937551,6.733363626,104.4842619,23.17066166,,23.17776271,64.74496804,18.42156803,74.4465973,112.2526739,95.45856855,110.456172,33.48085468,,86.69867839,31.87224564,,8.587287923,43.10384283,95.91673567,20.40031837,80.17018406,29.99244131,7.85614367,67.81799132,7.551853518,48.87497026,45.48387412,22.50256301,23.17776271,115.2483894,76.33512661,89.17829733,18.4350676,20.06824321,13.65261655,118.4064976,57.02786144,89.9933321,82.06414479,21.34114016,101.326058,86.13026924,83.41728793,,52.0189288,11.8181281,50.51853761,47.190518,32.41300396,20.5314264,85.27748184,21.79280605,9.620397232
2008,119.2038996,29.22037376,36.98368954,58.91235149,80.2836099,62.92096881,137.6413795,117.2211834,48.43008603,,160.0393678,102.1940537,129.6551516,73.75810024,5.572453585,105.283158,40.40173435,20.62907931,30.16828408,138.9755558,129.0979339,102.7875065,82.33282857,85.05828031,54.51721037,122.1643187,51.23601575,78.5549801,103.972136,102.793692,36.61427504,76.83593118,13.61972672,66.20487722,118.2050008,116.25028,,87.91177733,47.75671627,57.22349848,31.44110653,16.89524742,46.61451448,91.61012359,14.12941193,57.29277356,41.62122844,103.9363771,2.936664083,,185.8047324,129.4054983,132.350961,126.5575074,13.93013208,128.3805708,119.3024732,73.95219275,75.6646235,52.38219007,45.63990503,57.10186039,108.0201627,114.8874864,80.51374955,54.69017202,121.2387822,2.018352101,109.6808813,124.2110004,2.36564857,120.5537904,25.88142579,128.424569,71.10259987,92.67718212,110.6026088,26.31629313,87.6694296,122.1864624,62.43820399,50.0664665,88.74931731,26.66103586,73.90036908,32.9718113,27.35458379,124.5083602,57.75122195,98.48434054,109.5274308,,57.72160482,103.9350332,166.1936237,84.81834019,24.77048278,104.4643435,33.20103068,121.6811908,57.85621204,51.70160322,31.27718986,44.87200601,60.01372486,24.4769919,,29.53103968,,116.0047081,59.17901883,59.56201784,108.897393,126.3854986,150.8856458,100.164076,89.88973816,86.70710553,95.77525322,42.04847839,65.30377271,30.39341867,1.054496373,145.7640383,95.27662025,55.50663695,78.69143405,32.93844548,34.08910658,23.26963112,125.5633801,101.3378953,79.23539538,21.63002293,17.73774448,95.55393176,54.18660423,42.66054609,50.77421699,30.07891192,65.22735972,159.7881851,145.0821859,107.4991886,183.7526205,,73.70564595,61.64882587,66.64125769,24.26502318,138.8041154,68.79413804,65.49948112,,54.10288054,93.74690592,26.17209427,91.64440727,0.717919003,59.66262334,187.1872419,66.96882523,,19.3520095,61.11751406,84.46575593,10.66389819,101.5040904,83.35148579,49.83913613,82.05939966,12.8758415,41.65682945,54.83435642,124.9803611,109.0680027,16.00035841,,107.9896947,98.19693313,124.1303432,70.58171364,52.7038814,110.1806117,73.19257415,75.37478912,57.67747676,13.34172509,115.0213925,31.8608361,68.21954813,0,132.9171729,92.86007628,34.43060748,39.92196466,102.1555518,71.19146977,105.1777849,111.4046999,138.8686388,12.93790517,32.18016326,136.5376287,28.95430467,44.03321374,132.3000341,5.957806812,18.23526126,112.9869326,79.87822842,6.859761851,119.8285932,31.88647047,,31.89438616,75.73989475,30.04463516,127.5013,101.9316827,101.1035341,108.4404554,46.07241867,,103.9754399,34.6807165,,14.50506716,53.03970913,108.6258256,25.87965477,93.43030345,50.49337123,23.08368224,80.7877739,11.90218654,59.96988986,49.02716932,32.18016326,31.89438616,137.1963517,82.7810914,93.54864342,,30.709868,26.92003559,119.8447225,66.47733767,104.7453819,85.20916517,45.79499837,119.1832023,97.48959044,89.43848188,,85.69645531,15.97174775,59.70244126,,32.41300396,29.69557406,89.52108369,28.41083233,12.94364591
2009,126.2103374,37.89493697,42.84657348,78.1845877,82.06181111,76.15636662,138.2668687,131.1294492,73.83377008,,156.3441483,100.7390114,136.57901,86.32194952,10.31456575,108.4032585,54.46885832,25.3304628,34.35334451,140.4048536,117.6607732,101.2186453,84.52795238,101.6840082,53.74564807,131.1485527,64.68655431,87.54187651,120.8077962,104.6861055,48.10756491,96.02329234,20.24357708,70.54830532,118.7188854,120.4037109,,96.81312008,55.29808341,70.87826244,39.81367836,15.63752578,73.79715284,92.04640981,18.40512718,59.83377049,42.38509644,111.0521354,5.502396795,140.2496774,200.2745279,121.1152274,124.5668165,126.2280577,15.66875338,138.7402107,123.6993991,87.30861627,89.95836607,60.6524073,56.25815829,64.94370914,117.891357,119.2738141,89.7355484,72.09666743,120.4248399,2.539273454,111.5801838,120.5357013,4.775809745,120.4607987,32.231038,144.0887946,75.07516314,92.09659575,114.9052419,26.4466307,95.44779828,123.9547246,64.46125996,63.77348397,97.72098268,32.936074,80.62692375,36.13019495,29.5486008,119.7955893,109.710823,94.51819901,123.7220234,,62.54783594,106.9237254,179.7816019,112.3283833,30.86748582,107.4733846,37.35732558,117.5591879,68.25025415,60.97742654,37.13605615,50.94874479,68.9204184,30.2307662,,44.12009108,,106.6677293,71.4616386,66.69344323,108.2570649,124.0341367,149.5058395,108.2941099,97.2992605,91.31743648,108.3821491,48.62445283,85.22197941,44.31490591,10.29063487,145.9473043,99.54168558,91.87085234,86.84358425,51.6059112,56.28348894,28.39406088,159.8519698,108.2979452,87.43967138,26.47286265,22.54873138,97.62628657,79.14612039,53.98293547,60.05373056,33.21820036,74.36773992,159.9465566,144.5446442,109.0545685,198.8777206,,80.92564452,63.33645426,59.27754616,30.65911646,143.2052806,82.72177003,71.45817512,,63.88728792,92.50951414,32.89656779,99.81341872,0.974001217,72.45628216,208.9361132,84.16299837,,25.55872869,62.06488083,88.58099786,17.05611988,108.4694083,86.85458856,76.11744914,86.27936079,16.9836557,47.9584083,58.23387447,121.6632867,110.7312823,21.08831049,,108.7222796,100.025433,149.0885859,79.40758655,55.46464341,167.7804586,85.36705031,82.26097224,62.64254817,21.14216485,117.3145306,37.93960097,72.93243111,0.284184243,111.4775969,88.51898491,45.98834706,47.91501056,104.1288627,78.46706253,124.5951299,114.5422524,160.1018962,23.07054695,44.39865425,167.4269561,36.11230146,54.83107061,138.6858844,9.709416581,20.56306639,122.3621667,97.56010164,6.833066584,124.4012204,37.67010652,,37.679212,84.07433968,46.65723851,146.8572956,101.3396205,102.7485413,112.1339335,56.61109776,,122.1811277,47.65156589,,20.06204202,61.40801309,117.8416076,35.59849145,99.50960309,65.79480935,42.83804536,89.09067092,32.9725585,72.78090575,51.17954363,44.39865425,37.679212,139.6083078,93.20555476,88.12268708,10.19575856,40.03113033,28.55294653,118.750841,74.67763268,122.3521626,88.62364611,59.93517855,110.8605113,98.39250828,177.1946349,,111.3650605,57.04643617,67.89061913,,32.41300396,37.39604244,91.24860878,34.36001051,30.96458524
2010,129.72824,35.97403913,48.10120904,85.468247,84.06818386,87.62881812,129.4316308,141.383022,130.4322327,,192.5532769,100.4263074,145.6928199,100.0593201,18.1747416,111.0841886,74.39604921,36.72938024,44.94535882,138.0389827,125.2084477,118.8292307,80.87078571,108.8697059,62.93070205,135.794676,70.68598048,100.8810115,124.8452189,108.6214859,54.99993723,120.0102471,22.51148929,75.676078,120.6792463,123.1609109,,115.7513836,63.17027802,82.20152116,41.8760103,19.00647586,90.44274713,95.76455258,24.19595919,76.26543014,66.9932126,114.477539,8.890583462,138.2651125,181.174224,124.9330675,122.5551112,106.4836959,19.85681673,148.3370101,115.669923,88.7787084,88.44487548,69.92416115,68.87953691,73.73623434,122.4429212,120.1242905,98.53115831,90.50319174,116.4766491,3.227135845,111.275767,127.2827876,7.869542323,118.1126517,38.09449155,156.3055115,81.10077287,91.38732973,119.8967346,26.55690559,103.4556766,123.6254863,90.64792691,71.86671124,102.5535842,36.7781157,87.9633354,42.69221945,57.35549085,110.6455185,116.4974159,101.4200828,125.9831555,,71.28590073,108.8437911,195.6692192,124.7187583,36.90576949,113.6081449,40.41873813,119.9427178,79.49981302,71.0283298,43.80651818,57.38599099,87.79014493,37.09800983,,62.39006487,,105.2358099,72.58942289,75.13766061,107.2427541,122.7836679,154.7970088,116.0682988,102.5632445,96.80752449,121.867001,61.03491308,98.89869621,56.74071111,10.83965092,152.8117359,104.7742463,133.0114856,95.5055655,62.59497573,65.96644347,39.69964553,180.4452926,111.7335693,96.37193462,33.08579674,28.68284417,98.28349945,83.62395495,67.59922616,70.0768152,49.15315236,82.95050896,159.3953899,143.1426406,110.3123196,209.9151556,,101.074253,63.54729271,71.38468703,36.5839289,151.783883,92.92326544,77.51826326,,74.45179923,102.4359533,53.19893999,107.2611822,1.143820373,82.04816394,188.6859395,92.54376943,,30.14184555,76.9112489,96.7692919,20.763471,119.7442976,89.77979447,89.49525165,89.62249218,23.0821922,54.66094952,68.05401524,115.4301505,114.4755401,34.25298562,61.84538653,107.8263131,101.3599379,164.3422859,88.67526247,57.28341989,180.6992035,99.49532906,88.98361743,70.89399121,27.83340587,122.9152946,44.34814258,79.09024816,1.762897277,115.3032751,91.65810722,64.88063436,55.12835504,104.8366072,80.53643706,124.9603221,111.4288898,165.5010987,32.74752019,59.55146624,189.1688419,41.544029,64.42744115,145.3956502,21.93953048,34.77065968,123.8355503,99.11214802,6.726736849,125.300784,44.40135887,14.44932189,44.41018352,91.76374858,57.63965258,99.27727827,109.04722,103.2965118,117.1611493,60.83084412,,128.9218051,54.31752074,,24.53167583,70.77483109,122.483546,41.26668606,108.0177685,77.88892202,63.41981696,98.13136907,43.82046413,82.2602653,52.16238544,59.55146624,44.41018352,142.6283511,104.5370929,85.62758012,16.28167294,46.65843734,37.74438345,117.1087348,81.97117156,131.589018,91.31165202,75.45030892,120.5596619,95.99511185,174.5729714,,125.2930515,71.91524298,76.51726555,48.37955373,32.41300396,48.6974305,97.90028646,41.21205404,58.88210564
2011,,47.40646435,59.82618856,98.29153459,83.53432222,98.87331389,131.3980376,149.0906224,108.336201,,199.6642164,104.610551,154.426039,109.9720704,20.06827414,113.5309512,79.40049868,48.02719397,55.19256723,142.8461575,131.009991,81.5628489,82.60007887,113.1688625,70.31965347,,80.90771949,119.0023853,123.4606322,109.015478,66.37918152,145.9838697,22.37140338,77.82549309,123.5808771,127.383212,,128.9269073,72.0713209,89.44962943,49.56740015,24.47130767,91.93909914,98.13425332,30.91017629,80.81218046,87.66035275,107.9535208,11.66313248,136.1469876,170.9810781,128.4975265,124.0943746,109.6595675,22.80161957,152.5524853,128.661526,86.43207979,94.31443964,79.87846384,78.43386487,83.2737837,119.3221924,120.3142925,100.5655994,105.0794228,119.4058708,4.077954414,113.0635394,139.5193349,15.80285822,120.8167558,44.92062058,165.8909009,83.76338399,94.0767743,118.0097274,26.68626238,148.6936289,123.6041988,101.2829241,85.27494343,111.0655458,43.54770359,80.76025697,45.10659833,66.8802619,109.0787779,115.018939,103.7367994,132.4516485,,66.85662336,112.7272972,215.5038098,103.6720092,45.30967217,118.3013547,41.86242333,116.9434928,88.36273979,79.57707007,51.48213328,62.69438331,102.4626496,45.8819622,,73.19803895,,108.479355,74.30366228,80.15512761,106.8414418,121.9782701,158.145883,106.9237357,111.1631725,104.2742326,156.7946524,66.8146089,116.1691884,94.18821019,13.89219144,145.3625569,107.7446102,157.9080265,104.0338884,84.04519396,77.19001676,49.52909493,163.847587,120.7836181,104.9358905,42.16230061,35.95257316,101.5994284,87.54590803,77.93951684,78.58358066,60.72157105,90.61841921,162.221828,148.1506658,111.3637843,247.7116047,,114.019338,85.3144038,90.80797013,40.04243013,159.7911219,99.66948467,79.24118294,,83.16226094,105.1967071,75.06504419,122.3737909,2.375550859,89.10250589,186.7595594,106.8296923,,31.95650185,89.52144655,104.7930618,25.56405677,127.477801,92.80045047,98.95730464,91.00189762,28.72476707,57.96066304,81.68356887,118.9791426,115.8117293,49.17622818,66.839585,109.1999113,104.8219056,158.9952836,97.95739459,61.81345992,180.0781064,109.6118145,99.09141423,74.95389692,34.22227108,131.2936783,51.72578736,83.97889108,4.05987652,116.3901378,99.32993534,70.1221307,63.11978863,108.379969,82.26223262,120.4784442,107.3871984,142.0484328,39.89652123,69.61364256,194.5123877,68.77724454,70.16017194,150.1160495,51.09173471,36.43343754,132.9256445,114.2263592,18.16731553,130.248336,53.08562681,17.33918627,53.09439045,97.96450294,62.8015526,100.7099428,109.9775874,105.1696645,121.2222926,63.23757857,,137.903463,59.24043734,,30.34478288,80.8221324,120.3531921,41.64413476,116.331131,80.9228584,103.7858737,106.8523381,56.02069885,89.33878355,52.60439581,69.61364256,53.09439045,136.9908228,115.2010779,89.41002295,21.63754571,55.36980391,47.50472743,121.3388196,88.91420693,140.6072022,94.44042596,90.3737516,120.5309217,97.56403127,168.0382257,,141.5998702,56.64535235,84.23339434,,,50.06821515,123.1976544,59.88466455,68.86878087
2012,131.8565401,51.43454705,61.40627578,110.6865316,81.50204186,105.0371746,149.6390858,156.564756,111.9146632,,143.0138432,105.585695,160.5397387,108.7683381,22.81446021,111.3315482,83.65431589,60.60765215,62.82023906,148.1311121,161.1670576,80.65383375,87.57471473,113.5179254,53.20712214,139.5363101,90.44349501,125.0018521,123.3298378,113.9487384,75.6097824,153.7856491,25.26102109,79.56833775,127.9636271,132.0563723,,137.0811793,80.76271455,91.22862939,60.40682443,30.58009217,98.75682808,102.8549384,39.51356301,86.02531144,111.9199133,104.2195293,14.92016162,131.8166305,171.6762203,128.5953235,126.8464851,111.5940398,24.71558258,152.4747503,130.2798977,86.93709732,97.52089467,88.68077413,80.68365807,91.63290721,121.7697096,122.5584295,106.2255329,119.9164442,120.7307928,4.979397878,108.3640175,154.9259439,22.37451927,122.6815424,50.59866777,172.3224293,98.17854865,97.37775287,118.6159253,30.18811355,156.6686186,124.7618169,107.809112,100.9932997,118.6735879,48.76925037,85.20375721,63.0692167,68.05374469,120.0963016,123.159182,104.6982584,137.8194849,,68.77901955,115.2370196,229.2446254,92.87017414,51.35238176,115.4136047,59.90841158,116.070556,92.70462127,84.27282437,57.64370215,68.46687549,114.218131,52.2390493,,69.92238977,,109.5672317,76.09808684,81.62784646,108.054513,120.6843884,159.6276155,98.04968759,128.1735327,110.9073543,185.8215629,71.17433333,124.1795305,128.5272115,17.85962336,141.8333831,109.4316142,156.8991317,108.4705661,64.70225602,80.80708333,56.79362644,155.7690861,119.4227898,109.4414012,48.54264618,41.88551289,98.42863378,91.63310875,80.60902569,83.23151246,75.30007872,98.28595196,165.055831,145.3599468,127.6857527,289.7820156,,119.9722162,88.3339099,101.9890274,39.37666576,165.6257202,104.8890387,83.35070827,,87.73942232,106.1686238,98.37926527,124.4209424,7.064027247,95.07101983,159.539416,120.6945936,,34.93571402,106.0413193,119.8654035,29.2138369,141.3296962,94.39302337,95.01813098,91.24844463,31.44796172,66.79811805,97.66328039,117.9668468,116.092253,60.45131433,67.7830941,110.3624066,107.3942092,159.25134,105.0605323,67.06360938,163.4167491,98.00011004,105.4510985,82.63949118,37.7981892,141.5464567,57.39475664,82.55282485,6.865028848,112.3895255,101.5901938,74.30363013,69.64369334,110.8328703,83.12248461,126.8564857,104.9886091,145.3276296,49.66704344,68.7540469,187.3595577,74.36035887,83.56861759,152.1251818,54.97600064,36.96439058,137.3425261,115.2110603,22.55978195,117.7744571,59.67123624,21.22255382,59.68015681,102.704442,64.95124882,106.4593736,111.9121915,108.3881402,124.57217,65.39478548,155.2023447,147.8032034,59.29734384,,35.36487879,89.69623291,123.4688251,49.86113051,127.2920547,81.50840493,114.0552619,111.3962613,55.73975905,95.33160565,53.36331844,68.7540469,59.68015681,140.8425356,118.1056496,91.46374843,28.39756592,56.96423843,45.00206351,130.3399209,95.64698031,147.1306851,96.01037609,71.03391446,116.1090946,102.0507277,173.3943321,,145.0218721,59.08065129,88.4978965,53.10102759,,58.27503629,130.557982,74.77514723,91.90938245
2013,134.873823,55.01222617,61.87329711,116.1572081,80.70261809,110.0126103,171.8737993,162.5274217,112.4206552,,127.0856254,106.8434974,156.2304116,107.6134072,24.96258806,110.9031799,93.25782193,66.37728295,74.42964608,145.1876887,165.9088811,76.05187427,91.09530785,118.786176,52.61072612,144.3197992,97.69945273,135.3050481,108.1027529,112.2144457,72.19831102,160.6410528,29.46657548,80.61008074,130.1825142,136.7772396,,134.2890529,88.70833462,95.44605196,70.3904685,41.81656407,104.7695043,104.0845439,47.28425115,100.1124481,145.9716479,109.4297757,17.71492741,128.1821618,167.7693163,127.5810419,128.1914358,120.9211651,27.96586676,129.9598628,125.1295938,88.43350015,100.7877205,95.68772195,84.4554131,98.26934195,126.0283513,125.1819269,105.6444776,121.507893,121.6782785,5.602975462,106.8867146,149.7317151,27.25468539,123.7926059,58.50005725,136.578674,105.6001544,98.49547248,116.7417979,30.31704797,164.2167217,124.6098071,115.0251043,108.1911482,,63.31503903,99.9766937,55.15072568,67.47338887,112.4969109,125.5937373,105.9890852,140.393535,,69.41295352,117.0870892,235.6124293,95.91916853,57.57511764,110.0543067,69.39885695,116.4278724,97.65395831,89.43675486,63.80596513,72.8017919,125.3581426,59.31353408,,70.78318167,,105.4810788,84.24610052,96.10477428,108.1111263,122.8478352,158.8172931,102.2381648,141.7962745,116.3154258,184.6947548,71.76404552,121.4498189,133.8902393,19.54060048,142.0900149,110.9984678,190.2883477,114.3134596,68.13586427,80.56367407,59.40217188,165.0449946,116.3436164,114.9850704,55.80229545,49.05040681,104.0677048,95.49632054,83.67454503,88.39461733,86.30152835,105.1492467,151.3449586,148.6426713,124.7611955,304.0821011,,128.5252097,93.74322645,106.0114063,36.90806976,181.1940074,110.5943456,87.26009943,,92.74962749,106.1738133,129.0669372,129.7545011,12.82858801,100.8013781,159.9499825,101.3564639,,48.00421557,102.5274559,123.2398186,32.33015944,144.7153167,95.45579433,118.4342133,93.76364544,39.2922097,73.29196161,111.9801766,116.1568948,112.877719,76.84979601,,105.7756947,109.2148752,154.6459078,112.5669079,70.13037598,160.5684015,98.08298127,104.5023215,85.78736017,40.97654202,149.0785439,63.56266255,83.64642094,9.720640052,113.035602,103.6899605,73.74053318,72.3195334,112.6154888,87.92187291,152.6441746,105.5829217,152.8353524,56.80079399,71.2042224,184.2042369,72.85231291,92.92798275,155.9222113,57.57076854,65.65907347,141.8179045,116.9549733,49.38267841,119.3917104,65.98204813,25.25835962,65.9901126,109.4842046,64.93966102,161.067802,113.9111556,110.2112117,125.5274913,71.46778668,,147.342683,56.12894219,,35.56437683,96.75190517,128.0042906,62.53490181,140.0511818,91.8281242,116.893432,117.0185571,57.37594218,101.1437402,54.59396333,71.2042224,65.9901126,144.9406517,115.6035799,92.96497103,34.42689348,55.71793149,48.08192773,138.0646549,102.8844184,154.618466,97.07773939,74.30678167,114.6334104,101.614434,188.4407748,,134.9650058,50.34122874,93.08739553,52.46937575,,69.01477877,145.6440213,71.50463179,96.3498668
2014,135.0658893,58.84547053,63.4792082,105.4699657,82.64319489,109.9206739,178.0615447,146.4823886,115.9232102,,132.0539476,106.0508708,151.9112515,110.9053634,30.46201036,114.2699575,81.70596565,71.7259882,80.03535051,132.351139,173.2739335,82.29635806,91.27895029,122.5011386,50.712566,90.88006599,96.33724828,138.9514906,106.7781561,106.8167909,81.57982737,167.2975939,24.53960893,81.0393165,129.1291335,136.6773982,,133.240814,92.27349082,106.2476093,75.6851331,53.49321638,108.1495742,113.0811454,50.90120382,121.7897017,142.1782166,111.7536122,22.47839584,118.9902123,153.7483538,130.1924519,129.539048,120.4201855,32.38686559,102.1357183,126.9503442,78.86382636,108.4380562,100.7837335,87.50803303,103.2511485,127.5431703,125.203626,103.8991648,114.3059858,119.9582971,6.38599695,107.9458995,147.8107077,31.59388039,122.4154127,67.63361281,139.6638962,98.77670015,101.2124157,117.8366357,,171.375053,123.5810846,124.9355401,114.8194789,129.5380944,72.09875075,119.6304887,63.48369055,66.38811096,109.131534,110.204792,106.3606466,106.6337703,,70.53891053,121.0833442,233.6151774,93.51563642,63.15966688,104.4313214,64.70745958,118.0538283,100.5270637,92.96753467,69.69174436,75.85974296,128.7844341,66.61060357,,74.48376991,,105.0302095,87.79273111,94.9127868,111.0801927,121.4506526,147.2315035,107.3835311,147.803889,122.1577296,172.1913053,73.84324808,134.4608681,132.7337981,28.8622501,118.6369527,115.7099812,218.4302852,113.6590471,66.99333256,88.34778452,73.35344914,135.8782317,102.5888082,114.3861537,63.09292578,54.67972575,109.2971985,103.1578481,87.92029319,91.96029196,101.9679515,108.962048,141.8611987,149.4892513,116.7991354,322.5915365,,131.713056,88.46477171,107.9952216,41.20948014,189.3831136,111.2814095,84.77302461,29.37163647,96.15191591,105.5019507,149.0691312,126.9868835,54.03928721,101.5157975,163.0293689,105.0609857,,69.81699867,94.19928487,132.2498241,33.46880863,148.8298489,107.3079985,113.7562458,93.56333518,44.43748576,77.84154715,114.5655993,116.4234077,112.6874832,81.86605331,,112.0546897,112.6706447,157.7532566,119.9922695,73.33219105,158.0542825,103.6106575,111.2187234,90.60055932,44.92845743,148.8867021,68.7507126,87.11106333,11.18810123,112.113913,105.604533,72.07515264,74.96495366,116.940827,91.16908178,145.7647461,105.91415,155.144239,64.02469114,75.10159615,179.5574636,72.19898961,98.84217748,146.8850857,65.75650459,76.65603826,144.0115781,118.8481841,50.89929334,122.132822,70.86234632,24.50094636,70.87121206,115.697885,64.93769014,170.5749874,116.9401341,112.0830105,127.8392622,72.31972132,,162.1932137,63.85589141,,39.75097997,101.8901653,129.3791649,64.57824151,144.4387195,95.12606037,135.7804374,116.2707434,119.3771644,101.8914072,64.28314836,75.10159615,70.87121206,147.3377795,128.4857675,94.7933028,38.40711542,62.77433234,52.42923963,144.082159,105.4003756,160.7951457,110.2041935,73.79116465,105.1622459,98.95200348,191.7372733,,147.1108877,60.41440025,96.69662571,55.53012808,,68.48627079,149.1935175,67.33816426,80.81642131
2015,135.72178,61.57768158,60.84389581,106.3802068,88.12353305,108.9361734,187.3480233,146.7017843,115.8898894,,191.6751977,107.7201488,157.4082637,111.2826317,46.2209572,114.2235584,85.64432269,80.64303328,81.89932116,129.271715,185.2619572,80.29307262,90.15196021,123.6360037,60.974459,57.94626247,92.1838516,126.5922645,116.4566825,108.1311153,87.0290974,169.0030004,25.86868182,82.97723837,126.0254949,136.4697443,,129.4703901,92.18011871,119.3109704,71.84542948,52.98907151,111.6643425,115.7447743,55.16285786,118.5837522,150.6620506,113.9554263,29.65072755,115.824836,155.4921874,131.7901791,115.5656089,116.7122833,34.94105538,106.2933407,125.0370073,82.5867021,106.3843412,101.3649043,90.63662074,104.0539066,128.8272493,125.1487025,79.77343461,110.9915544,119.2679262,7.04995255,108.1965621,148.6880842,42.76402881,121.3146159,71.8768336,135.4468526,108.2021715,102.6131585,107.5096978,21.54413173,161.1213232,124.1322156,128.9505963,129.7359971,141.176671,87.17366364,137.8457028,69.2749664,66.71937471,112.9501854,112.2527977,106.5037102,111.4812993,,67.18556335,123.1715461,228.677236,95.54210945,67.98797214,103.7666724,68.84369285,118.9116649,101.2596195,94.29192692,73.11840849,75.64863847,132.5524815,71.85521081,,78.06172564,,103.7054863,93.38482985,93.82749352,114.0145756,133.4675501,143.4217413,111.514583,179.4330122,126.5421967,156.8789431,80.67820274,132.7972052,133.0003478,38.8423097,131.8423144,118.4619172,163.1505451,109.8447862,53.0961079,92.16457338,81.09358204,154.2972386,101.516192,110.6088296,67.92502925,60.03472207,109.3136862,110.5858631,90.02968711,93.3745262,100.9445238,107.3970198,139.5163805,148.5105686,127.5007249,324.4408131,,126.8723216,88.77870564,108.0396517,44.12458392,206.6562192,111.8945965,85.9885633,29.24914611,97.17982851,98.78307513,139.6118556,121.5476801,75.68406821,102.3276601,162.1559441,104.9641984,,74.23884829,89.32065985,140.5812628,37.93879778,143.8900746,114.1375033,106.5812144,98.90935485,46.49586525,82.18573909,116.1054805,123.5384297,111.1231883,96.74910847,92.86702233,121.8345852,114.9312992,159.8605555,123.1465095,66.91662303,174.1943185,109.8669058,115.7514163,111.5166033,46.64680858,142.6869959,72.12832978,87.09082846,12.87997619,110.4116639,105.3895511,77.62461212,80.09403672,119.5578493,94.8968044,159.1317177,107.1402041,159.9514859,70.48290534,77.64081014,176.5888132,70.52824566,99.94675778,146.5260072,72.66468428,89.52968035,145.255666,115.1625684,52.46922266,120.5200243,76.06345275,23.85552521,76.07124916,118.6859295,91.21712586,136.8310311,122.3101642,113.2193248,130.3794052,73.20000716,,158.1201869,64.2814892,,40.17306812,102.4553358,130.0170472,67.70803859,152.7312472,98.59026032,145.9387545,112.2385118,117.3963134,102.6455078,69.08600382,77.64081014,76.07124916,157.6727356,129.9114626,96.02134861,66.55909641,75.85579688,50.37278848,144.0231793,105.2720467,150.5970413,117.5867444,73.31992547,103.6544334,92.97221122,198.59375,,128.845052,66.2470442,98.19122896,62.3703604,,67.98097332,164.5116827,74.47177776,84.78880444
2016,,66.00374446,55.27564687,105.0623124,87.18973316,106.7717208,204.0205231,150.6656849,114.7796321,,194.0826361,109.6064682,166.1389108,106.2845688,48.04065322,111.0129108,79.64830208,83.62763173,77.88240574,127.2292355,216.9258305,91.81818877,89.24919928,124.1695225,63.87061558,,90.74927347,118.922999,114.9950327,120.6674535,88.78093119,158.5343822,25.48780926,84.06444554,127.4746973,135.6196304,,127.1180653,96.87787265,126.0146009,68.11383605,39.48110435,113.3471493,117.0901968,57.65843875,122.0229832,159.2314897,117.231272,35.49171001,112.0581172,157.6842556,134.4775234,115.4745669,114.5288178,37.8178544,107.4325157,122.8939236,80.83152181,117.0201102,107.2224257,96.16582051,109.5728099,128.9926049,125.1085847,84.30334065,113.6982662,119.0727502,7.294370822,109.7403864,148.67534,50.5130341,121.0749117,69.19995068,134.4753788,103.3027513,103.4526224,109.8794063,22.24735117,144.1660721,122.3202721,129.0941061,139.1290239,155.6751234,85.33367045,139.6287262,70.25963885,65.90135019,112.7599929,111.1232534,,115.3433139,,66.42847723,125.9058559,233.9910764,91.2196774,67.79261561,104.1129152,60.53671899,119.1135215,105.7898485,97.78638549,73.77864875,77.39584058,149.1275754,71.97351706,,86.95018782,,103.6471191,100.0746506,82.18155372,118.0121358,131.6662255,140.4254958,115.5722826,196.3111358,129.7529409,149.9946399,81.28155256,131.3766535,124.9438457,51.3107566,136.8702304,122.6505247,146.5511282,108.3154159,55.39316947,96.37083293,83.09673035,119.7847459,94.81554638,109.0748463,67.67316443,60.15643638,116.3963104,118.4947757,95.33333742,96.88971463,106.574927,110.3825981,140.7098117,147.8367286,131.1592991,332.0907008,,120.7233508,86.25718875,110.9931725,41.78842306,222.9852803,111.2351072,88.2255718,,101.1453628,100.6936412,120.3134276,124.8213579,89.261539,102.8436976,167.4799168,113.6270172,,66.25082328,86.51966206,144.2395617,40.32443197,141.1722149,122.8686021,109.189536,,48.87478182,81.82253473,122.1359784,129.9519713,110.0669767,111.6960279,97.2972973,124.9764861,118.0199791,159.2187308,124.1606735,71.39413307,172.301549,117.0617122,109.1695706,,48.55939602,146.2073477,70.1738348,87.75217376,14.26329601,109.0946689,104.773063,76.8061735,80.3782042,122.4515997,77.31703559,147.1018576,106.434876,163.2649275,69.9196415,84.82807567,157.5984256,68.62808337,98.67802569,146.9228533,69.88571927,97.6203972,140.7478517,114.4887609,58.12457508,120.6199913,74.36184022,21.54685511,74.36992097,120.181293,85.27638675,145.9446016,127.9869675,114.5590253,126.6721371,76.37120859,,161.2275449,54.23137169,,44.47888063,108.3656446,130.4645768,74.91073994,172.6452138,106.6821621,157.6673108,110.5391297,125.0053617,103.1815764,74.67005171,84.82807567,74.36992097,160.6083527,125.821724,96.87246592,76.44337156,74.36097518,55.07464508,132.6407689,107.7735821,148.7080881,127.1579358,77.32782184,102.98019,86.98981729,,,128.0379261,71.29786626,101.550816,69.19435421,,67.16990212,142.3848372,74.94774192,83.1798941
2017,,,,,,,,,,,,,,,,,,,,,,,,,,,,,,,,,,,,,,,,,,,,,,,,,,,,,,,,,,,,,,,,,,,,,,,,,,,,,,,,,,,,,,,,,,,,,,,,,,,,,,,,,,,,,,,,,,,,,,,,,,,,,,,,,,,,,,,,,,,,,,,,,,,,,,,,,,,,,,,,,,,,,,,,,,,,,,,,,,,,,,,,,,,,,,,,,,,,,,,,,,,,,,,,,,,,,,,,,,,,,,,,,,,,,,,,,,,,,,,,,,,,,,,,,,,,,,,,,,,,,,,,
2018,,,,,,,,,,,,,,,,,,,,,,,,,,,,,,,,,,,,,,,,,,,,,,,,,,,,,,,,,,,,,,,,,,,,,,,,,,,,,,,,,,,,,,,,,,,,,,,,,,,,,,,,,,,,,,,,,,,,,,,,,,,,,,,,,,,,,,,,,,,,,,,,,,,,,,,,,,,,,,,,,,,,,,,,,,,,,,,,,,,,,,,,,,,,,,,,,,,,,,,,,,,,,,,,,,,,,,,,,,,,,,,,,,,,,,,,,,,,,,,,,,,,,,,,,,,,,,,,,,,,,,,,
